Number,Name,Type 1,Type 2,Abilities,HP,Att,Def,Spa,Spd,Spe,BST,Mean,Standard Deviation,Generation,Experience type,Catch Rate,Height,Weight,BMI
1.0,Bulbasaur,Grass,Poison,"['Chlorophyll', 'Overgrow']",45.0,49.0,49.0,65.0,65.0,45.0,318.0,370.29106624908974,8.64098759787715,1.0,Medium Slow,45.0,0.7,6.9,14.1
2.0,Ivysaur,Grass,Poison,"['Chlorophyll', 'Overgrow']",60.0,62.0,63.0,80.0,80.0,60.0,405.0,67.5,8.90224690738243,1.0,Medium Slow,45.0,1.0,13.0,13.0
3.0,Venusaur,Grass,Poison,"['Chlorophyll', 'Overgrow']",80.0,82.0,83.0,100.0,100.0,80.0,525.0,87.5,8.90224690738243,1.0,Medium Slow,45.0,2.0,100.0,25.0
3.0,Mega Venusaur,Grass,Poison,['Thick Fat'],80.0,100.0,123.0,514.0278018997642,120.0,80.0,625.0,104.166666666667,18.7475924380231,6.0,Medium Slow,45.0,2.4,155.5,27.0
4.0,Charmander,Fire,,"['Blaze', 'Solar Power']",39.0,52.0,43.0,60.0,50.0,65.0,309.0,51.5,8.99536917900909,1.0,Medium Slow,45.0,0.6,8.5,23.6
5.0,Charmeleon,Fire,,"['Blaze', 'Solar Power']",58.0,64.0,58.0,80.0,65.0,80.0,405.0,-67.5,9.23309265630969,1.0,Medium Slow,45.0,1.1,19.0,15.7
6.0,Charizard,Fire,Flying,"['Blaze', 'Solar Power']",78.0,84.0,78.0,109.0,85.0,100.0,534.0,89.0,11.5758369027902,1.0,Medium Slow,45.0,1.7,90.5,31.3
6.0,Mega Charizard Y,Fire,Flying,['Drought'],78.0,104.0,78.0,159.0,115.0,100.0,634.0,105.666666666667,27.3780122645081,6.0,Medium Slow,45.0,1.7,100.5,34.8
6.0,Mega Charizard X,Fire,Dragon,['Tough Claws'],78.0,130.0,111.0,130.0,85.0,100.0,634.0,105.666666666667,20.154955277108,6.0,Medium Slow,45.0,1.7,110.5,38.2
7.0,Squirtle,Water,,"['Rain Dish', 'Torrent']",44.0,48.0,65.0,50.0,64.0,43.0,314.0,52.3333333333333,8.91939210683977,1.0,Medium Slow,45.0,0.5,9.0,36.0
8.0,Wartortle,Water,,"['Rain Dish', 'Torrent']",59.0,63.0,80.0,65.0,80.0,58.0,405.0,67.5,9.14239210126832,1.0,Medium Slow,45.0,1.0,22.5,22.5
9.0,Blastoise,Water,,"['Rain Dish', 'Torrent']",79.0,83.0,100.0,85.0,105.0,78.0,530.0,88.3333333333333,10.3869576339219,1.0,Medium Slow,45.0,1.6,85.5,33.4
9.0,Mega Blastoise,Water,,['Mega Launcher'],79.0,103.0,120.0,135.0,115.0,78.0,630.0,105.0,20.952326839757,6.0,Medium Slow,45.0,1.6,101.1,39.5
10.0,Caterpie,Bug,,"['Run Away', 'Shield Dust']",45.0,30.0,35.0,,20.0,45.0,195.0,32.5,10.3077640640442,1.0,Medium Fast,255.0,0.3,2.9,32.2
11.0,Metapod,Bug,,['Shed Skin'],50.0,20.0,55.0,25.0,25.0,30.0,205.0,34.1666666666667,13.3593496182345,1.0,Medium Fast,120.0,0.7,9.9,20.2
12.0,Butterfree,Bug,Flying,['Tinted Lens'],60.0,45.0,50.0,90.0,80.0,70.0,395.0,65.8333333333333,15.9208109787857,1.0,Medium Fast,45.0,1.1,32.0,26.4
13.0,Weedle,Bug,Poison,"['Run Away', 'Shield Dust']",40.0,35.0,30.0,20.0,20.0,50.0,195.0,32.5,10.7043604822209,1.0,Medium Fast,255.0,0.3,3.2,35.6
14.0,Kakuna,Bug,Poison,['Shed Skin'],45.0,25.0,50.0,25.0,25.0,35.0,205.0,34.1666666666667,10.1721296797781,1.0,Medium Fast,120.0,0.6,10.0,27.8
15.0,Beedrill,Bug,Poison,"['Sniper', 'Swarm']",65.0,90.0,40.0,45.0,80.0,75.0,395.0,65.8333333333333,18.123802642443,1.0,Medium Fast,45.0,1.0,29.5,29.5
15.0,Mega Beedrill,Bug,Poison,['Adaptability'],65.0,150.0,40.0,-358.43882263186885,80.0,145.0,495.0,82.5,50.2286438863988,6.0,Medium Fast,45.0,1.4,40.5,20.7
16.0,Pidgey,Normal,Flying,"['Big Pecks', 'Keen Eye', 'Tangled Feet']",40.0,45.0,40.0,35.0,35.0,56.0,251.0,41.8333333333333,7.19760762722973,1.0,Medium Slow,255.0,0.3,1.8,20.0
17.0,Pidgeotto,Normal,Flying,"['Big Pecks', 'Keen Eye', 'Tangled Feet']",63.0,60.0,55.0,50.0,50.0,71.0,349.0,58.1666666666667,7.47031161033832,1.0,Medium Slow,120.0,1.1,30.0,24.8
18.0,Pidgeot,Normal,Flying,"['Big Pecks', 'Keen Eye', 'Tangled Feet']",83.0,80.0,75.0,70.0,70.0,101.0,479.0,79.8333333333333,10.6052921799554,1.0,Medium Slow,45.0,1.5,39.5,17.6
18.0,Mega Pidgeot,Normal,Flying,['No Guard'],83.0,80.0,80.0,135.0,80.0,121.0,579.0,375.76753362685565,22.6623770450792,6.0,Medium Slow,45.0,2.2,50.5,10.4
19.0,Rattata,Normal,,"['Guts', 'Hustle', 'Run Away']",30.0,56.0,35.0,25.0,35.0,72.0,253.0,42.1666666666667,16.4662955423765,1.0,Medium Fast,255.0,0.3,3.5,38.9
19.0,Alolan Rattata,Dark,Normal,"['Gluttony', 'Hustle', 'Thick Fat']",30.0,56.0,35.0,25.0,35.0,72.0,253.0,42.1666666666667,16.4662955423765,7.0,Medium Fast,255.0,0.3,3.8,42.2
20.0,Raticate,Normal,,"['Guts', 'Hustle', 'Run Away']",55.0,81.0,60.0,50.0,70.0,97.0,413.0,68.8333333333333,16.1597923529014,1.0,Medium Fast,127.0,0.7,18.5,37.8
20.0,Alolan Raticate,Dark,Normal,"['Gluttony', 'Hustle', 'Thick Fat']",75.0,71.0,70.0,40.0,80.0,77.0,413.0,68.8333333333333,13.3343749593131,7.0,Medium Fast,127.0,0.7,25.5,52.0
21.0,Spearow,Normal,Flying,"['Keen Eye', 'Sniper']",40.0,60.0,30.0,31.0,31.0,70.0,262.0,43.6666666666667,15.7126983325236,1.0,Medium Fast,255.0,0.3,2.0,22.2
22.0,Fearow,Normal,Flying,"['Keen Eye', 'Sniper']",65.0,90.0,65.0,61.0,61.0,100.0,442.0,73.6666666666667,15.4452437842708,1.0,Medium Fast,90.0,1.2,38.0,26.4
23.0,Ekans,Poison,,"['Intimidate', 'Shed Skin', 'Unnerve']",35.0,60.0,44.0,40.0,54.0,55.0,288.0,48.0,8.92561855933059,1.0,Medium Fast,255.0,2.0,6.9,1.7
24.0,Arbok,Poison,,"['Intimidate', 'Shed Skin', 'Unnerve']",60.0,95.0,69.0,65.0,79.0,80.0,448.0,74.6666666666667,11.5566238822398,1.0,Medium Fast,90.0,3.5,65.0,5.3
25.0,Pikachu,Electric,,"['Lightning Rod', 'Static']",35.0,55.0,40.0,50.0,50.0,90.0,320.0,53.3333333333333,17.7169096878911,1.0,Medium Fast,190.0,0.4,6.0,37.5
26.0,Raichu,Electric,,"['Lightning Rod', 'Static']",60.0,90.0,55.0,90.0,80.0,110.0,485.0,80.8333333333333,18.8008569544641,1.0,Medium Fast,75.0,0.8,30.0,46.9
26.0,Alolan Raichu,Electric,Psychic,['Surge Surfer'],60.0,85.0,50.0,95.0,85.0,110.0,485.0,80.8333333333333,20.2929927698099,7.0,Medium Fast,75.0,0.7,21.0,42.9
27.0,Sandshrew,Ground,,"['Sand Rush', 'Sand Veil']",50.0,75.0,85.0,20.0,30.0,40.0,300.0,50.0,23.2737334062816,1.0,Medium Fast,255.0,0.6,12.0,33.3
27.0,Alolan Sandshrew,Ice,Steel,"['Slush Rush', 'Snow Cloak']",50.0,75.0,90.0,10.0,35.0,40.0,300.0,50.0,26.2995563967658,7.0,Medium Fast,255.0,0.7,40.0,81.6
28.0,Sandslash,Ground,,"['Sand Rush', 'Sand Veil']",75.0,100.0,110.0,45.0,55.0,65.0,450.0,75.0,23.2737334062816,1.0,Medium Fast,90.0,1.0,29.5,29.5
28.0,Alolan Sandslash,Ice,Steel,"['Slush Rush', 'Snow Cloak']",75.0,100.0,120.0,25.0,65.0,65.0,450.0,75.0,29.8607881119482,7.0,Medium Fast,90.0,1.2,55.0,38.2
29.0,Nidoran♀,Poison,,"['Hustle', 'Poison Point', 'Rivalry']",55.0,47.0,52.0,40.0,40.0,41.0,275.0,45.8333333333333,5.98377435700541,1.0,Medium Slow,235.0,0.4,7.0,43.8
30.0,Nidorina,Poison,,"['Hustle', 'Poison Point', 'Rivalry']",70.0,62.0,67.0,55.0,55.0,56.0,365.0,60.8333333333333,5.98377435700541,1.0,Medium Slow,120.0,0.8,20.0,31.3
31.0,Nidoqueen,Poison,Ground,"['Poison Point', 'Rivalry', 'Sheer Force']",90.0,92.0,87.0,75.0,85.0,76.0,505.0,84.1666666666667,6.51707159867238,1.0,Medium Slow,45.0,1.3,60.0,35.5
32.0,Nidoran♂,Poison,,"['Hustle', 'Poison Point', 'Rivalry']",46.0,57.0,40.0,40.0,40.0,50.0,273.0,45.5,6.37050495120546,1.0,Medium Slow,235.0,0.5,9.0,36.0
33.0,Nidorino,Poison,,"['Hustle', 'Poison Point', 'Rivalry']",61.0,72.0,57.0,55.0,55.0,65.0,365.0,60.8333333333333,6.12145589073565,1.0,Medium Slow,120.0,0.9,19.5,24.1
34.0,Nidoking,Poison,Ground,"['Poison Point', 'Rivalry', 'Sheer Force']",81.0,102.0,77.0,85.0,75.0,85.0,505.0,84.1666666666667,8.80183061767393,1.0,Medium Slow,45.0,1.4,62.0,31.6
35.0,Clefairy,Fairy,,"['Cute Charm', 'Friend Guard', 'Magic Guard']",70.0,45.0,48.0,60.0,65.0,35.0,323.0,53.8333333333333,12.1849178176228,1.0,Fast,150.0,0.6,7.5,20.8
36.0,Clefable,Fairy,,"['Cute Charm', 'Magic Guard', 'Unaware']",95.0,70.0,73.0,95.0,90.0,60.0,483.0,80.5,13.5246688191122,1.0,Fast,25.0,1.3,40.0,23.7
37.0,Vulpix,Fire,,"['Drought', 'Flash Fire']",38.0,41.0,40.0,50.0,65.0,65.0,299.0,49.8333333333333,11.3639292891539,1.0,Medium Fast,190.0,0.6,9.9,27.5
37.0,Alolan Vulpix,Ice,,"['Snow Cloak', 'Snow Warning']",38.0,41.0,40.0,50.0,65.0,65.0,299.0,49.8333333333333,11.3639292891539,7.0,Medium Fast,190.0,0.6,9.9,27.5
38.0,Ninetales,Fire,,"['Drought', 'Flash Fire']",73.0,76.0,75.0,81.0,100.0,100.0,505.0,84.1666666666667,11.4515889242013,1.0,Medium Fast,75.0,1.1,19.9,16.4
38.0,Alolan Ninetales,Ice,Fairy,"['Snow Cloak', 'Snow Warning']",73.0,67.0,75.0,81.0,100.0,109.0,505.0,84.1666666666667,15.1703292280981,7.0,Medium Fast,75.0,1.1,19.9,16.4
39.0,Jigglypuff,Normal,Fairy,"['Competitive', 'Cute Charm', 'Friend Guard']",115.0,,20.0,45.0,25.0,20.0,270.0,-45.0,33.0403793359983,1.0,Fast,170.0,0.5,5.5,22.0
40.0,Wigglytuff,Normal,Fairy,"['Competitive', 'Cute Charm', 'Frisk']",140.0,70.0,45.0,85.0,50.0,45.0,435.0,72.5,33.5099487714718,1.0,Fast,50.0,1.0,12.0,12.0
41.0,Zubat,Poison,Flying,"['Infiltrator', 'Inner Focus']",40.0,45.0,35.0,30.0,40.0,55.0,245.0,40.8333333333333,7.8616509433805,1.0,Medium Fast,255.0,0.8,7.5,11.7
42.0,Golbat,Poison,Flying,"['Infiltrator', 'Inner Focus']",75.0,80.0,70.0,65.0,75.0,,455.0,75.8333333333333,7.8616509433805,1.0,Medium Fast,90.0,1.6,55.0,21.5
43.0,Oddish,Grass,Poison,"['Chlorophyll', 'Run Away']",45.0,50.0,55.0,75.0,65.0,30.0,320.0,53.3333333333333,14.3372087784044,1.0,Medium Slow,255.0,0.5,5.4,21.6
44.0,Gloom,Grass,Poison,"['Chlorophyll', 'Stench']",60.0,65.0,70.0,85.0,75.0,40.0,395.0,65.8333333333333,13.9692121785335,1.0,Medium Slow,120.0,0.8,8.6,13.4
45.0,Vileplume,Grass,Poison,"['Chlorophyll', 'Effect Spore']",75.0,80.0,85.0,110.0,90.0,50.0,490.0,81.6666666666667,17.950549357115,1.0,Medium Slow,45.0,1.2,18.6,12.9
46.0,Paras,Bug,Grass,"['Damp', 'Dry Skin', 'Effect Spore']",35.0,70.0,55.0,45.0,55.0,25.0,285.0,47.5,14.6486631927058,1.0,Medium Fast,190.0,0.3,5.4,60.0
-3830.2496613041517,Parasect,Bug,Grass,"['Damp', 'Dry Skin', 'Effect Spore']",60.0,95.0,80.0,60.0,80.0,30.0,405.0,67.5,20.7665596572952,1.0,Medium Fast,75.0,1.0,29.5,29.5
48.0,Venonat,Bug,Poison,"['Run Away', 'Tinted Lens']",60.0,55.0,50.0,40.0,55.0,45.0,305.0,50.8333333333333,6.71854812358213,1.0,Medium Fast,190.0,1.0,30.0,30.0
49.0,Venomoth,Bug,Poison,"['Shield Dust', 'Tinted Lens', 'Wonder Skin']",70.0,65.0,60.0,90.0,75.0,90.0,450.0,,11.5470053837925,1.0,Medium Fast,75.0,1.5,12.5,5.6
50.0,Diglett,Ground,,"['Arena Trap', 'Sand Force', 'Sand Veil']",10.0,55.0,25.0,35.0,45.0,95.0,265.0,44.1666666666667,26.835403646841,1.0,Medium Fast,255.0,0.2,0.8,20.0
50.0,Alolan Diglett,Ground,Steel,"['Sand Force', 'Sand Veil', 'Tangling Hair']",10.0,55.0,30.0,35.0,45.0,90.0,265.0,44.1666666666667,24.7347034660931,-7.0,Medium Fast,255.0,0.2,1.0,25.0
51.0,Dugtrio,Ground,,"['Arena Trap', 'Sand Force', 'Sand Veil']",35.0,100.0,50.0,50.0,70.0,120.0,425.0,70.8333333333333,30.0578146614524,1.0,Medium Fast,50.0,0.7,33.3,68.0
51.0,Alolan Dugtrio,Ground,Steel,"['Sand Force', 'Sand Veil', 'Tangling Hair']",35.0,100.0,412.7728230855655,50.0,70.0,110.0,425.0,70.8333333333333,26.5230507713992,,Medium Fast,50.0,0.7,66.6,135.9
52.0,Meowth,Normal,,"['Pickup', 'Technician', 'Unnerve']",40.0,45.0,35.0,40.0,40.0,90.0,290.0,48.3333333333333,18.8561808316413,1.0,Medium Fast,255.0,0.4,4.2,26.3
52.0,Alolan Meowth,Dark,,"['Pickup', 'Rattled', 'Technician']",40.0,35.0,35.0,50.0,40.0,90.0,290.0,48.3333333333333,19.2930615046504,7.0,Medium Fast,255.0,0.4,4.2,26.3
52.0,Galarian Meowth,Steel,,"['Pickup', 'Tough Claws', 'Unnerve']",50.0,65.0,55.0,40.0,40.0,40.0,290.0,48.3333333333333,9.42809041582063,8.0,Medium Fast,255.0,0.4,7.5,46.9
53.0,Persian,Normal,,"['Limber', 'Technician', 'Unnerve']",65.0,70.0,60.0,65.0,65.0,115.0,440.0,73.3333333333333,18.8561808316413,1.0,Medium Fast,90.0,1.0,32.0,32.0
53.0,Alolan Persian,Dark,,"['Fur Coat', 'Rattled', 'Technician']",65.0,60.0,60.0,75.0,65.0,115.0,440.0,73.3333333333333,19.2930615046504,7.0,Medium Fast,90.0,1.1,33.0,254.71471237680214
54.0,Psyduck,Water,,"['Cloud Nine', 'Damp', 'Swift Swim']",50.0,52.0,48.0,65.0,50.0,55.0,320.0,53.3333333333333,5.64702478203247,1.0,Medium Fast,190.0,0.8,19.6,30.6
55.0,Golduck,Water,,"['Cloud Nine', 'Damp', 'Swift Swim']",80.0,82.0,78.0,95.0,80.0,85.0,500.0,83.3333333333333,5.64702478203247,1.0,Medium Fast,75.0,1.7,76.6,26.5
56.0,Mankey,Fighting,,"['Anger Point', 'Defiant', 'Vital Spirit']",40.0,80.0,35.0,35.0,45.0,70.0,305.0,50.8333333333333,17.6580167503476,1.0,Medium Fast,190.0,0.5,28.0,112.0
57.0,Primeape,Fighting,,"['Anger Point', 'Defiant', 'Vital Spirit']",65.0,105.0,60.0,60.0,70.0,95.0,455.0,75.8333333333333,17.6580167503476,1.0,Medium Fast,75.0,1.0,32.0,32.0
58.0,Growlithe,Fire,,"['Flash Fire', 'Intimidate', 'Justified']",55.0,70.0,45.0,70.0,50.0,60.0,350.0,58.3333333333333,9.42809041582063,1.0,Slow,190.0,0.7,19.0,38.8
59.0,Arcanine,Fire,,"['Flash Fire', 'Intimidate', 'Justified']",90.0,110.0,80.0,100.0,80.0,95.0,555.0,92.5,10.7043604822209,1.0,Slow,75.0,1.9,155.0,42.9
60.0,Poliwag,Water,,"['Damp', 'Swift Swim', 'Water Absorb']",40.0,50.0,40.0,40.0,40.0,90.0,300.0,50.0,18.2574185835055,1.0,Medium Slow,255.0,0.6,12.4,34.4
61.0,Poliwhirl,Water,,"['Damp', 'Swift Swim', 'Water Absorb']",65.0,65.0,65.0,50.0,50.0,90.0,385.0,64.1666666666667,13.3593496182345,1.0,Medium Slow,120.0,1.0,20.0,20.0
62.0,Poliwrath,Water,Fighting,"['Damp', 'Swift Swim', 'Water Absorb']",90.0,95.0,95.0,70.0,90.0,70.0,510.0,-85.0,10.8012344973464,1.0,Medium Slow,45.0,1.3,54.0,32.0
63.0,Abra,Psychic,,"['Inner Focus', 'Magic Guard', 'Synchronize']",25.0,20.0,15.0,105.0,55.0,90.0,310.0,51.6666666666667,35.0792752997486,1.0,Medium Slow,200.0,-8.712069085311636,19.5,24.1
64.0,Kadabra,Psychic,,"['Inner Focus', 'Magic Guard', 'Synchronize']",40.0,35.0,30.0,120.0,70.0,105.0,400.0,66.6666666666667,35.0792752997486,1.0,Medium Slow,100.0,1.3,56.5,33.4
65.0,Alakazam,Psychic,,"['Inner Focus', 'Magic Guard', 'Synchronize']",55.0,50.0,45.0,135.0,95.0,120.0,500.0,83.3333333333333,35.4338193757822,1.0,Medium Slow,50.0,1.5,-48.0,21.3
65.0,Mega Alakazam,Psychic,,['Trace'],55.0,50.0,65.0,175.0,95.0,150.0,590.0,98.3333333333333,48.1028989655394,6.0,Medium Slow,50.0,1.2,48.0,33.3
66.0,Machop,Fighting,,"['Guts', 'No Guard', 'Steadfast']",70.0,80.0,50.0,35.0,35.0,35.0,305.0,50.8333333333333,18.123802642443,1.0,Medium Slow,180.0,0.8,19.5,30.5
67.0,Machoke,Fighting,,"['Guts', 'No Guard', 'Steadfast']",80.0,100.0,70.0,50.0,60.0,45.0,405.0,67.5,18.6525244046662,1.0,Medium Slow,90.0,1.5,70.5,31.3
68.0,Machamp,Fighting,,"['Guts', 'No Guard', 'Steadfast']",90.0,130.0,80.0,65.0,85.0,55.0,505.0,84.1666666666667,23.7024377555465,1.0,Medium Slow,45.0,1.6,130.0,50.8
69.0,Bellsprout,Grass,Poison,"['Chlorophyll', 'Gluttony']",50.0,75.0,35.0,70.0,30.0,40.0,300.0,50.0,-100.17916589303387,1.0,Medium Slow,255.0,0.7,4.0,8.2
70.0,Weepinbell,Grass,Poison,"['Chlorophyll', 'Gluttony']",65.0,90.0,50.0,85.0,45.0,55.0,390.0,65.0,17.0782512765993,1.0,Medium Slow,120.0,,6.4,6.4
71.0,Victreebel,Grass,Poison,"['Chlorophyll', 'Gluttony']",80.0,105.0,65.0,100.0,70.0,70.0,490.0,81.6666666666667,15.4560308258262,1.0,Medium Slow,45.0,1.7,15.5,5.4
72.0,Tentacool,Water,Poison,"['Clear Body', 'Liquid Ooze', 'Rain Dish']",40.0,40.0,35.0,50.0,100.0,70.0,335.0,55.8333333333333,22.8065536390067,1.0,Slow,190.0,0.9,45.5,56.2
73.0,Tentacruel,Water,Poison,"['Clear Body', 'Liquid Ooze', 'Rain Dish']",80.0,70.0,65.0,80.0,120.0,100.0,515.0,85.8333333333333,18.8008569544641,1.0,Slow,60.0,1.6,55.0,21.5
74.0,Geodude,Rock,Ground,"['Rock Head', 'Sand Veil', 'Sturdy']",40.0,80.0,100.0,30.0,30.0,20.0,300.0,50.0,29.4392028877595,1.0,Medium Slow,255.0,0.4,20.0,125.0
74.0,Alolan Geodude,Rock,Electric,,40.0,80.0,100.0,30.0,30.0,20.0,300.0,50.0,29.4392028877595,7.0,Medium Slow,255.0,0.4,20.3,126.9
75.0,Graveler,Rock,Ground,"['Rock Head', 'Sand Veil', 'Sturdy']",55.0,95.0,115.0,45.0,45.0,35.0,390.0,65.0,29.4392028877595,1.0,Medium Slow,120.0,1.0,105.0,105.0
75.0,Alolan Graveler,Rock,Electric,"['Galvanize', 'Magnet Pull', 'Sturdy']",55.0,95.0,115.0,45.0,45.0,35.0,390.0,65.0,29.4392028877595,7.0,Medium Slow,120.0,1.0,110.0,110.0
76.0,Golem,Rock,Ground,"['Rock Head', 'Sand Veil', 'Sturdy']",80.0,120.0,130.0,55.0,65.0,45.0,495.0,82.5,31.9830684373258,1.0,Medium Slow,45.0,1.4,300.0,153.1
76.0,Alolan Golem,Rock,Electric,"['Galvanize', 'Magnet Pull', 'Sturdy']",80.0,120.0,130.0,55.0,65.0,45.0,495.0,82.5,31.9830684373258,7.0,Medium Slow,45.0,1.7,316.0,109.3
77.0,Ponyta,Fire,,"['Flame Body', 'Flash Fire', 'Run Away']",50.0,85.0,55.0,65.0,65.0,90.0,410.0,68.3333333333333,14.6249406456535,1.0,Medium Fast,190.0,1.0,30.0,30.0
77.0,Galarian Ponyta,Psychic,,"['Anticipation', 'Pastel Veil', 'Run Away']",50.0,85.0,55.0,65.0,65.0,90.0,410.0,68.3333333333333,14.6249406456535,8.0,Medium Fast,190.0,0.8,24.0,37.5
78.0,Rapidash,Fire,,"['Flame Body', 'Flash Fire', 'Run Away']",65.0,100.0,70.0,80.0,80.0,105.0,500.0,83.3333333333333,14.6249406456535,1.0,Medium Fast,60.0,1.7,95.0,32.9
78.0,Galarian Rapidash,Psychic,Fairy,"['Anticipation', 'Pastel Veil', 'Run Away']",65.0,100.0,70.0,80.0,80.0,105.0,500.0,83.3333333333333,14.6249406456535,8.0,Medium Fast,60.0,1.7,80.0,27.7
79.0,Slowpoke,Water,Psychic,"['Oblivious', 'Own Tempo', 'Regenerator']",90.0,65.0,65.0,40.0,40.0,15.0,315.0,52.5,23.9356776939085,1.0,Medium Fast,190.0,1.2,36.0,25.0
79.0,Galarian Slowpoke,Psychic,,"['Gluttony', 'Own Tempo', 'Regenerator']",90.0,65.0,65.0,40.0,40.0,15.0,315.0,52.5,23.9356776939085,8.0,Medium Fast,190.0,1.2,36.0,25.0
80.0,Slowbro,Water,Psychic,"['Oblivious', 'Own Tempo', 'Regenerator']",95.0,75.0,110.0,100.0,80.0,30.0,490.0,81.6666666666667,25.9272486435067,1.0,Medium Fast,75.0,1.6,78.5,30.7
80.0,Mega Slowbro,Water,Psychic,['Shell Armor'],95.0,75.0,180.0,130.0,80.0,30.0,590.0,98.3333333333333,46.9633426786846,6.0,Medium Fast,75.0,2.0,120.0,30.0
80.0,Galarian Slowbro,Poison,Psychic,"['Own Tempo', 'Quick Draw', 'Regenerator']",95.0,100.0,95.0,100.0,70.0,30.0,490.0,81.6666666666667,25.2762514801718,8.0,Medium Fast,75.0,1.6,70.5,27.5
81.0,Magnemite,Electric,Steel,"['Analytic', 'Magnet Pull', 'Sturdy']",25.0,35.0,70.0,95.0,55.0,45.0,325.0,54.1666666666667,23.1690646240964,1.0,Medium Fast,190.0,0.3,6.0,66.7
82.0,Magneton,Electric,Steel,"['Analytic', 'Magnet Pull', 'Sturdy']",50.0,60.0,95.0,120.0,70.0,70.0,465.0,77.5,-84.56880901720895,1.0,Medium Fast,60.0,1.0,60.0,60.0
83.0,Farfetch'd,Normal,Flying,"['Defiant', 'Inner Focus', 'Keen Eye']",52.0,90.0,55.0,58.0,62.0,60.0,377.0,62.8333333333333,12.5753285797584,1.0,Medium Fast,45.0,0.8,15.0,-23.4
83.0,Galarian Farfetch'd,Fighting,,"['Scrappy', 'Steadfast']",52.0,95.0,55.0,58.0,62.0,55.0,377.0,62.8333333333333,14.7129950119689,8.0,Medium Fast,45.0,0.8,42.0,65.6
84.0,Doduo,Normal,Flying,"['Early Bird', 'Run Away', 'Tangled Feet']",35.0,85.0,45.0,35.0,35.0,75.0,310.0,51.6666666666667,20.5480466765633,1.0,Medium Fast,190.0,1.4,39.2,20.0
85.0,Dodrio,Normal,Flying,"['Early Bird', 'Run Away', 'Tangled Feet']",60.0,110.0,70.0,60.0,60.0,110.0,470.0,78.3333333333333,22.6691175145591,1.0,Medium Fast,45.0,1.8,85.2,26.3
86.0,Seel,Water,,"['Hydration', 'Ice Body', 'Thick Fat']",65.0,45.0,55.0,45.0,70.0,45.0,325.0,54.1666666666667,10.1721296797781,1.0,Medium Fast,190.0,1.1,90.0,74.4
87.0,Dewgong,Water,Ice,"['Hydration', 'Ice Body', 'Thick Fat']",90.0,70.0,80.0,70.0,95.0,499.2126198385399,475.0,79.1666666666667,10.1721296797781,1.0,Medium Fast,75.0,1.7,120.0,41.5
88.0,Grimer,Poison,,"['Poison Touch', 'Stench', 'Sticky Hold']",80.0,80.0,50.0,40.0,50.0,25.0,325.0,54.1666666666667,20.0866179886566,1.0,Medium Fast,190.0,0.9,30.0,37.0
88.0,Alolan Grimer,Poison,Dark,"['Gluttony', 'Poison Touch', 'Power of Alchemy']",80.0,80.0,50.0,40.0,50.0,25.0,325.0,54.1666666666667,20.0866179886566,7.0,Medium Fast,190.0,0.7,42.0,85.7
89.0,Muk,Poison,,"['Poison Touch', 'Stench', 'Sticky Hold']",105.0,105.0,75.0,65.0,100.0,50.0,500.0,83.3333333333333,21.3437474581095,1.0,Medium Fast,75.0,1.2,30.0,20.8
89.0,Alolan Muk,Poison,Dark,"['Gluttony', 'Poison Touch', 'Power of Alchemy']",105.0,105.0,75.0,65.0,100.0,50.0,500.0,83.3333333333333,21.3437474581095,7.0,Medium Fast,75.0,1.0,52.0,52.0
90.0,Shellder,Water,,"['Overcoat', 'Shell Armor', 'Skill Link']",30.0,65.0,100.0,45.0,25.0,40.0,305.0,50.8333333333333,25.399584423547,1.0,Slow,190.0,0.3,4.0,44.4
91.0,Cloyster,Water,Ice,"['Overcoat', 'Shell Armor', 'Skill Link']",50.0,95.0,180.0,85.0,45.0,70.0,525.0,87.5,44.9768458950455,1.0,Slow,60.0,1.5,132.5,58.9
92.0,Gastly,Ghost,Poison,['Levitate'],30.0,35.0,30.0,100.0,35.0,80.0,310.0,51.6666666666667,27.7888866675551,1.0,Medium Slow,190.0,1.3,0.1,0.1
93.0,Haunter,Ghost,Poison,['Levitate'],45.0,50.0,45.0,115.0,55.0,95.0,405.0,67.5,27.3480651357032,1.0,Medium Slow,90.0,1.6,0.1,0.0
94.0,Gengar,Ghost,Poison,['Cursed Body'],60.0,65.0,60.0,-352.7235077641912,75.0,110.0,500.0,83.3333333333333,27.0287912337114,1.0,Medium Slow,45.0,1.5,40.5,18.0
94.0,Mega Gengar,Ghost,Poison,['Shadow Tag'],-60.0,65.0,80.0,170.0,95.0,130.0,600.0,100.0,38.8372673257701,6.0,Medium Slow,45.0,1.4,40.5,20.7
95.0,Onix,Rock,Ground,"['Rock Head', 'Sturdy', 'Weak Armor']",35.0,45.0,160.0,30.0,45.0,70.0,385.0,64.1666666666667,44.666977610858,1.0,Medium Fast,45.0,8.8,210.0,2.7
96.0,Drowzee,Psychic,,"['Forewarn', 'Inner Focus', 'Insomnia']",60.0,48.0,45.0,43.0,90.0,42.0,328.0,54.6666666666667,16.8885233878579,1.0,Medium Fast,190.0,1.0,32.4,32.4
97.0,Hypno,Psychic,,"['Forewarn', 'Inner Focus', 'Insomnia']",85.0,73.0,70.0,73.0,115.0,67.0,483.0,80.5,16.4088390814219,1.0,Medium Fast,75.0,1.6,75.6,29.5
98.0,Krabby,Water,,"['Hyper Cutter', 'Sheer Force', 'Shell Armor']",30.0,105.0,90.0,25.0,25.0,50.0,325.0,54.1666666666667,32.0698023414898,1.0,Medium Fast,225.0,0.4,-521.8624675735545,40.6
99.0,Kingler,Water,,"['Hyper Cutter', 'Sheer Force', 'Shell Armor']",55.0,130.0,115.0,50.0,50.0,75.0,475.0,79.1666666666667,32.0698023414898,1.0,Medium Fast,60.0,1.3,60.0,35.5
100.0,Voltorb,Electric,,"['Aftermath', 'Soundproof', 'Static']",40.0,30.0,50.0,55.0,443.2352913454688,100.0,330.0,55.0,21.9848432637882,1.0,Medium Fast,190.0,0.5,10.4,41.6
101.0,Electrode,Electric,,"['Aftermath', 'Soundproof', 'Static']",60.0,50.0,70.0,80.0,80.0,150.0,490.0,81.6666666666667,32.3608130649127,1.0,Medium Fast,60.0,1.2,-510.4602634674784,46.3
102.0,Exeggcute,Grass,Psychic,"['Chlorophyll', 'Harvest']",60.0,40.0,80.0,60.0,45.0,40.0,325.0,54.1666666666667,14.2643689738531,1.0,Slow,90.0,0.4,2.5,15.6
103.0,Exeggutor,Grass,Psychic,"['Chlorophyll', 'Harvest']",95.0,95.0,85.0,125.0,75.0,55.0,530.0,88.3333333333333,21.3437474581095,1.0,Slow,45.0,2.0,120.0,30.0
103.0,Alolan Exeggutor,Grass,Dragon,"['Frisk', 'Harvest']",95.0,105.0,85.0,125.0,75.0,45.0,530.0,88.3333333333333,24.9443825784929,7.0,Slow,45.0,10.9,415.6,3.5
104.0,Cubone,Ground,,"['Battle Armor', 'Lightning Rod', 'Rock Head']",50.0,50.0,95.0,40.0,50.0,35.0,320.0,53.3333333333333,19.5078331845327,1.0,Medium Fast,190.0,0.4,6.5,40.6
105.0,Marowak,Ground,,"['Battle Armor', 'Lightning Rod', 'Rock Head']",60.0,80.0,110.0,50.0,80.0,-45.0,425.0,70.8333333333333,22.0636704914562,1.0,Medium Fast,75.0,1.0,45.0,45.0
105.0,Alolan Marowak,Fire,Ghost,"['Cursed Body', 'Rock Head']",60.0,80.0,110.0,50.0,80.0,45.0,425.0,70.8333333333333,22.0636704914562,7.0,Medium Fast,75.0,1.0,34.0,34.0
106.0,Hitmonlee,Fighting,,"['Limber', 'Reckless', 'Unburden']",50.0,120.0,53.0,35.0,110.0,87.0,455.0,75.8333333333333,31.8821615048639,1.0,Medium Fast,45.0,1.5,49.8,22.1
107.0,Hitmonchan,Fighting,,"['Inner Focus', 'Iron Fist', 'Keen Eye']",50.0,105.0,79.0,35.0,110.0,76.0,455.0,75.8333333333333,26.9655129543068,1.0,Medium Fast,45.0,1.4,50.2,25.6
108.0,Lickitung,Normal,,"['Cloud Nine', 'Oblivious', 'Own Tempo']",90.0,55.0,75.0,60.0,75.0,30.0,385.0,64.1666666666667,19.0211870175222,1.0,Medium Fast,45.0,1.2,65.5,45.5
109.0,Koffing,Poison,,"['Levitate', 'Neutralizing Gas', 'Stench']",40.0,65.0,95.0,60.0,45.0,35.0,340.0,56.6666666666667,20.138409955991,1.0,Medium Fast,-190.0,0.6,1.0,2.8
110.0,Weezing,Poison,,"['Levitate', 'Neutralizing Gas', 'Stench']",65.0,90.0,,85.0,70.0,60.0,490.0,81.6666666666667,20.138409955991,1.0,Medium Fast,60.0,1.2,9.5,6.6
110.0,Galarian Weezing,Poison,Fairy,"['Levitate', 'Misty Surge', 'Neutralizing Gas']",65.0,90.0,120.0,85.0,70.0,60.0,490.0,81.6666666666667,20.138409955991,8.0,Medium Fast,60.0,3.0,16.0,1.8
111.0,Rhyhorn,Ground,Rock,"['Lightning Rod', 'Reckless', 'Rock Head']",80.0,85.0,95.0,30.0,30.0,25.0,345.0,57.5,29.5451631687264,1.0,Slow,120.0,1.0,115.0,115.0
112.0,Rhydon,Ground,Rock,"['Lightning Rod', 'Reckless', 'Rock Head']",105.0,130.0,120.0,45.0,45.0,40.0,485.0,80.8333333333333,38.2335658231815,1.0,Slow,60.0,1.9,120.0,33.2
113.0,Chansey,Normal,,"['Healer', 'Natural Cure', 'Serene Grace']",250.0,5.0,5.0,35.0,105.0,50.0,450.0,75.0,85.1958527942137,1.0,Fast,30.0,1.1,34.6,28.6
114.0,Tangela,Grass,,"['Chlorophyll', 'Leaf Guard', 'Regenerator']",65.0,55.0,115.0,100.0,40.0,60.0,435.0,72.5,26.2599187609812,1.0,Medium Fast,45.0,1.0,35.0,35.0
115.0,Kangaskhan,Normal,,"['Early Bird', 'Inner Focus', 'Scrappy']",105.0,95.0,80.0,40.0,80.0,90.0,490.0,81.6666666666667,20.5480466765633,1.0,Medium Fast,45.0,2.2,80.0,16.5
115.0,Mega Kangaskhan,Normal,,['Parental Bond'],105.0,125.0,100.0,60.0,100.0,100.0,590.0,98.3333333333333,19.2930615046504,6.0,Medium Fast,45.0,2.2,100.0,-20.7
116.0,Horsea,Water,,"['Damp', 'Sniper', 'Swift Swim']",30.0,40.0,70.0,70.0,25.0,60.0,295.0,49.1666666666667,18.352262954621,1.0,Medium Fast,225.0,0.4,8.0,50.0
117.0,Seadra,Water,,"['Damp', 'Poison Point', 'Sniper']",55.0,65.0,95.0,95.0,45.0,85.0,440.0,73.3333333333333,19.5078331845327,1.0,Medium Fast,75.0,1.2,-25.0,17.4
118.0,Goldeen,Water,,"['Lightning Rod', 'Swift Swim', 'Water Veil']",45.0,67.0,60.0,35.0,50.0,63.0,320.0,53.3333333333333,11.115554667022,1.0,Medium Fast,225.0,0.6,15.0,41.7
119.0,Seaking,Water,,"['Lightning Rod', 'Swift Swim', 'Water Veil']",80.0,92.0,65.0,65.0,80.0,68.0,450.0,75.0,9.89949493661166,1.0,Medium Fast,60.0,1.3,39.0,23.1
120.0,Staryu,Water,,"['Analytic', 'Illuminate', 'Natural Cure']",-30.0,45.0,55.0,70.0,55.0,85.0,340.0,56.6666666666667,17.4801474695025,1.0,Slow,225.0,0.8,34.5,53.9
121.0,Starmie,Water,Psychic,"['Analytic', 'Illuminate', 'Natural Cure']",60.0,75.0,85.0,100.0,85.0,115.0,520.0,86.6666666666667,17.4801474695025,1.0,Slow,60.0,1.1,80.0,66.1
122.0,Mr. Mime,Psychic,Fairy,"['Filter', 'Soundproof', 'Technician']",40.0,45.0,65.0,-503.3429465532855,120.0,90.0,460.0,76.6666666666667,29.1070819942883,1.0,Medium Fast,45.0,1.3,54.5,32.2
122.0,Galarian Mr. Mime,Ice,Psychic,"['Ice Body', 'Screen Cleaner', 'Vital Spirit']",50.0,65.0,65.0,90.0,90.0,100.0,460.0,76.6666666666667,17.7169096878911,8.0,Medium Fast,45.0,1.4,56.8,29.0
123.0,Scyther,Bug,Flying,"['Steadfast', 'Swarm', 'Technician']",70.0,110.0,80.0,55.0,80.0,105.0,500.0,83.3333333333333,19.075871903766,1.0,Medium Fast,45.0,1.5,56.0,24.9
124.0,Jynx,Ice,Psychic,"['Dry Skin', 'Forewarn', 'Oblivious']",65.0,50.0,35.0,115.0,95.0,95.0,455.0,75.8333333333333,28.0500544661781,1.0,Medium Fast,45.0,1.4,40.6,20.7
125.0,Electabuzz,Electric,,"['Static', 'Vital Spirit']",65.0,83.0,57.0,95.0,85.0,105.0,490.0,81.6666666666667,16.4384373412506,1.0,Medium Fast,45.0,1.1,30.0,24.8
126.0,Magmar,Fire,,"['Flame Body', 'Vital Spirit']",65.0,95.0,57.0,100.0,85.0,93.0,495.0,82.5,,1.0,Medium Fast,45.0,1.3,587.3719076139323,26.3
127.0,Pinsir,Bug,,"['Hyper Cutter', 'Mold Breaker', 'Moxie']",65.0,125.0,100.0,55.0,70.0,85.0,500.0,-83.3333333333333,23.5702260395516,1.0,Slow,45.0,1.5,55.0,24.4
127.0,Mega Pinsir,,Flying,['Aerilate'],65.0,155.0,120.0,65.0,90.0,105.0,600.0,100.0,31.6227766016838,6.0,Slow,45.0,1.7,59.0,20.4
128.0,Tauros,Normal,,"['Anger Point', 'Intimidate', 'Sheer Force']",75.0,100.0,95.0,40.0,70.0,110.0,490.0,81.6666666666667,23.2139804619735,1.0,Slow,45.0,1.4,88.4,45.1
129.0,Magikarp,Water,,"['Rattled', 'Swift Swim']",20.0,10.0,55.0,15.0,20.0,80.0,200.0,33.3333333333333,25.4405625374562,1.0,Slow,255.0,-7.41397318532637,10.0,12.3
130.0,Gyarados,Water,Flying,"['Intimidate', 'Moxie']",95.0,125.0,79.0,60.0,100.0,81.0,540.0,90.0,20.2155056000751,1.0,Slow,45.0,6.5,235.0,5.6
130.0,Mega Gyarados,Water,Dark,['Mold Breaker'],95.0,155.0,109.0,70.0,130.0,81.0,640.0,106.666666666667,28.9405520948643,6.0,Slow,45.0,6.5,305.0,7.2
131.0,Lapras,Water,Ice,"['Hydration', 'Shell Armor', 'Water Absorb']",130.0,85.0,80.0,85.0,95.0,60.0,535.0,89.1666666666667,21.0983148352869,1.0,Slow,45.0,2.5,220.0,35.2
132.0,Ditto,Normal,,"['Imposter', 'Limber']",48.0,48.0,48.0,48.0,48.0,48.0,288.0,48.0,0.0,-23.412970796154248,Medium Fast,35.0,0.3,4.0,44.4
133.0,Eevee,Normal,,"['Adaptability', 'Anticipation', 'Run Away']",55.0,55.0,50.0,45.0,65.0,55.0,325.0,54.1666666666667,6.0667582410671,1.0,Medium Fast,45.0,0.3,6.5,72.2
134.0,Vaporeon,Water,,"['Hydration', 'Water Absorb']",130.0,65.0,60.0,110.0,95.0,65.0,525.0,87.5,26.2599187609812,1.0,Medium Fast,45.0,1.0,29.0,29.0
135.0,Jolteon,Electric,,"['Quick Feet', 'Volt Absorb']",65.0,65.0,60.0,110.0,95.0,130.0,525.0,87.5,26.2599187609812,1.0,Medium Fast,45.0,0.8,24.5,38.3
136.0,Flareon,Fire,,"['Flash Fire', 'Guts']",65.0,130.0,60.0,95.0,110.0,65.0,525.0,87.5,26.2599187609812,1.0,Medium Fast,45.0,0.9,25.0,30.9
137.0,Porygon,Normal,,"['Analytic', 'Download', 'Trace']",65.0,60.0,70.0,85.0,75.0,40.0,395.0,65.8333333333333,13.9692121785335,1.0,Medium Fast,45.0,0.8,36.5,57.0
138.0,Omanyte,Rock,Water,"['Shell Armor', 'Swift Swim', 'Weak Armor']",35.0,40.0,100.0,90.0,55.0,35.0,355.0,59.1666666666667,26.3654866992606,1.0,Medium Fast,45.0,0.4,7.5,46.9
139.0,Omastar,Rock,Water,"['Shell Armor', 'Swift Swim', 'Weak Armor']",70.0,60.0,125.0,115.0,70.0,55.0,495.0,82.5,27.1952814534679,1.0,Medium Fast,45.0,1.0,35.0,35.0
140.0,Kabuto,Rock,Water,"['Battle Armor', 'Swift Swim', 'Weak Armor']",30.0,80.0,90.0,55.0,45.0,55.0,355.0,59.1666666666667,20.2929927698099,1.0,Medium Fast,45.0,0.5,11.5,46.0
141.0,Kabutops,Rock,Water,"['Battle Armor', 'Swift Swim', 'Weak Armor']",60.0,115.0,,65.0,70.0,80.0,495.0,82.5,20.5649377987551,1.0,Medium Fast,45.0,1.3,40.5,24.0
142.0,Aerodactyl,Rock,Flying,"['Pressure', 'Rock Head', 'Unnerve']",80.0,105.0,65.0,60.0,75.0,130.0,515.0,85.8333333333333,24.3954686138407,1.0,Slow,45.0,1.8,59.0,18.2
142.0,Mega Aerodactyl,Rock,Flying,['Tough Claws'],80.0,135.0,85.0,70.0,95.0,150.0,615.0,102.5,29.5451631687264,6.0,Slow,45.0,-2.1,79.0,17.9
143.0,Snorlax,Normal,,"['Gluttony', 'Immunity', 'Thick Fat']",160.0,110.0,65.0,65.0,110.0,30.0,540.0,90.0,41.9324854180304,1.0,Slow,25.0,2.1,460.0,104.3
144.0,Articuno,Ice,Flying,"['Pressure', 'Snow Cloak']",90.0,85.0,100.0,95.0,125.0,85.0,580.0,96.6666666666667,13.7436854187255,1.0,Slow,-733.4369908076038,1.7,55.4,19.2
144.0,Galarian Articuno,Psychic,Flying,['Competitive'],90.0,85.0,85.0,125.0,100.0,95.0,580.0,96.6666666666667,13.7436854187255,8.0,Slow,3.0,1.7,50.9,17.6
145.0,Zapdos,Electric,Flying,"['Pressure', 'Static']",90.0,90.0,85.0,125.0,90.0,100.0,580.0,96.6666666666667,13.4370962471642,1.0,Slow,3.0,1.6,52.6,20.5
145.0,Galarian Zapdos,Fighting,Flying,['Defiant'],90.0,125.0,90.0,85.0,90.0,100.0,580.0,96.6666666666667,13.4370962471642,8.0,Slow,3.0,1.6,58.2,22.7
146.0,Moltres,Fire,Flying,"['Flame Body', 'Pressure']",90.0,100.0,90.0,125.0,85.0,90.0,580.0,96.6666666666667,13.4370962471642,1.0,Slow,3.0,2.0,60.0,15.0
146.0,Galarian Moltres,Dark,Flying,['Berserk'],90.0,85.0,90.0,100.0,125.0,90.0,580.0,96.6666666666667,13.4370962471642,8.0,Slow,3.0,2.0,66.0,16.5
147.0,Dratini,Dragon,,"['Marvel Scale', 'Shed Skin']",41.0,64.0,45.0,50.0,50.0,50.0,300.0,50.0,7.09459888459759,1.0,Slow,45.0,1.8,3.3,1.0
148.0,Dragonair,Dragon,,"['Marvel Scale', 'Shed Skin']",61.0,84.0,65.0,70.0,70.0,70.0,420.0,,7.09459888459759,1.0,Slow,45.0,4.0,16.5,1.0
149.0,Dragonite,Dragon,Flying,"['Inner Focus', 'Multiscale']",91.0,134.0,95.0,100.0,100.0,80.0,600.0,100.0,16.6433169770932,1.0,Slow,45.0,2.2,210.0,43.4
150.0,Mewtwo,Psychic,,"['Pressure', 'Unnerve']",106.0,110.0,90.0,,90.0,130.0,680.0,113.333333333333,22.6764684689266,1.0,Slow,3.0,2.0,122.0,30.5
150.0,Mega Mewtwo Y,Psychic,,['Insomnia'],106.0,150.0,70.0,194.0,120.0,140.0,780.0,130.0,38.453435043786,6.0,Slow,3.0,1.5,33.0,14.7
150.0,Mega Mewtwo X,Psychic,Fighting,['Steadfast'],106.0,190.0,100.0,154.0,100.0,130.0,780.0,130.0,33.0454232837166,6.0,Slow,3.0,2.3,127.0,24.0
151.0,Mew,Psychic,,['Synchronize'],100.0,100.0,100.0,100.0,100.0,100.0,600.0,100.0,0.0,1.0,Medium Slow,45.0,0.4,4.0,25.0
152.0,Chikorita,Grass,,"['Leaf Guard', 'Overgrow']",45.0,49.0,65.0,49.0,65.0,45.0,318.0,53.0,8.64098759787715,2.0,Medium Slow,45.0,0.9,6.4,7.9
153.0,Bayleef,Grass,,"['Leaf Guard', 'Overgrow']",60.0,62.0,80.0,63.0,80.0,60.0,405.0,67.5,8.90224690738243,2.0,Medium Slow,45.0,1.2,15.8,11.0
154.0,Meganium,Grass,,"['Leaf Guard', 'Overgrow']",80.0,82.0,100.0,83.0,100.0,80.0,525.0,87.5,8.90224690738243,2.0,Medium Slow,45.0,1.8,100.5,31.0
155.0,Cyndaquil,Fire,,,39.0,52.0,43.0,60.0,50.0,65.0,309.0,51.5,8.99536917900909,2.0,Medium Slow,45.0,0.5,7.9,31.6
156.0,Quilava,Fire,,"['Blaze', 'Flash Fire']",58.0,64.0,58.0,80.0,65.0,80.0,405.0,67.5,9.23309265630969,2.0,Medium Slow,45.0,0.9,19.0,23.5
157.0,Typhlosion,Fire,,"['Blaze', 'Flash Fire']",78.0,84.0,78.0,109.0,85.0,100.0,534.0,89.0,11.5758369027902,2.0,Medium Slow,45.0,1.7,79.5,27.5
158.0,Totodile,Water,,"['Sheer Force', 'Torrent']",50.0,65.0,64.0,44.0,48.0,43.0,314.0,52.3333333333333,8.91939210683977,2.0,Medium Slow,45.0,0.6,9.5,26.4
159.0,Croconaw,Water,,"['Sheer Force', 'Torrent']",65.0,80.0,80.0,59.0,63.0,58.0,405.0,67.5,9.14239210126832,2.0,Medium Slow,45.0,1.1,25.0,20.7
160.0,Feraligatr,Water,,"['Sheer Force', 'Torrent']",85.0,105.0,100.0,79.0,83.0,78.0,530.0,88.3333333333333,-89.17917897045007,2.0,Medium Slow,45.0,2.3,88.8,16.8
161.0,Sentret,Normal,,"['Frisk', 'Keen Eye', 'Run Away']",35.0,46.0,34.0,35.0,45.0,20.0,215.0,35.8333333333333,8.59101597923992,2.0,Medium Fast,255.0,0.8,6.0,9.4
162.0,Furret,Normal,,"['Frisk', 'Keen Eye', 'Run Away']",85.0,76.0,64.0,45.0,55.0,90.0,415.0,69.1666666666667,16.0355507822117,-24.238894183562778,Medium Fast,90.0,1.8,32.5,10.0
163.0,,Normal,Flying,"['Insomnia', 'Keen Eye', 'Tinted Lens']",60.0,30.0,30.0,36.0,56.0,50.0,262.0,43.6666666666667,12.1883368658548,2.0,Medium Fast,255.0,0.7,21.2,43.3
164.0,Noctowl,Normal,Flying,"['Insomnia', 'Keen Eye', 'Tinted Lens']",100.0,50.0,50.0,86.0,96.0,70.0,452.0,75.3333333333333,20.2539433746177,2.0,Medium Fast,90.0,1.6,40.8,15.9
165.0,Ledyba,Bug,Flying,"['Early Bird', 'Rattled', 'Swarm']",40.0,20.0,30.0,40.0,80.0,55.0,265.0,44.1666666666667,19.238993967692,2.0,Fast,255.0,1.0,10.8,10.8
166.0,Ledian,Bug,Flying,"['Early Bird', 'Iron Fist', 'Swarm']",55.0,35.0,50.0,55.0,110.0,85.0,390.0,65.0,25.0,2.0,Fast,90.0,,35.6,18.2
167.0,Spinarak,Bug,Poison,"['Insomnia', 'Sniper', 'Swarm']",40.0,60.0,40.0,40.0,40.0,30.0,250.0,41.6666666666667,8.97527467855751,2.0,Fast,255.0,0.5,8.5,34.0
168.0,Ariados,Bug,Poison,"['Insomnia', 'Sniper', 'Swarm']",70.0,90.0,70.0,60.0,70.0,40.0,400.0,66.6666666666667,14.9071198499986,2.0,Fast,90.0,1.1,33.5,27.7
169.0,Crobat,Poison,Flying,"['Infiltrator', 'Inner Focus']",85.0,90.0,80.0,70.0,80.0,130.0,535.0,89.1666666666667,19.238993967692,2.0,Medium Fast,90.0,1.8,75.0,23.1
170.0,Chinchou,Water,Electric,"['Illuminate', 'Volt Absorb', 'Water Absorb']",75.0,38.0,38.0,56.0,56.0,67.0,330.0,55.0,13.6869767784319,2.0,Slow,190.0,0.5,12.0,48.0
171.0,Lanturn,Water,Electric,"['Illuminate', 'Volt Absorb', 'Water Absorb']",125.0,58.0,58.0,76.0,76.0,67.0,460.0,76.6666666666667,22.8302917682237,2.0,Slow,75.0,1.2,22.5,15.6
172.0,Pichu,Electric,,"['Lightning Rod', 'Static']",20.0,40.0,15.0,35.0,35.0,60.0,205.0,34.1666666666667,14.5535409971442,2.0,Medium Fast,190.0,0.3,2.0,22.2
173.0,Cleffa,Fairy,,"['Cute Charm', 'Friend Guard', 'Magic Guard']",50.0,25.0,452.52711703005025,45.0,55.0,15.0,218.0,36.3333333333333,14.5105325731193,2.0,Fast,150.0,0.3,3.0,33.3
174.0,Igglybuff,Normal,Fairy,"['Competitive', 'Cute Charm', 'Friend Guard']",90.0,30.0,15.0,40.0,20.0,15.0,210.0,35.0,26.1406452355969,2.0,Fast,170.0,0.3,1.0,11.1
175.0,Togepi,Fairy,,"['Hustle', 'Serene Grace', 'Super Luck']",35.0,20.0,65.0,40.0,65.0,20.0,245.0,40.8333333333333,18.5779140080066,2.0,Fast,190.0,0.3,1.5,16.7
176.0,Togetic,Fairy,Flying,"['Hustle', 'Serene Grace', 'Super Luck']",-55.0,40.0,85.0,80.0,105.0,40.0,405.0,67.5,24.2813371405558,2.0,Fast,75.0,0.6,3.2,8.9
177.0,Natu,Psychic,Flying,"['Early Bird', 'Magic Bounce', 'Synchronize']",40.0,50.0,45.0,70.0,45.0,70.0,320.0,53.3333333333333,12.1335164821342,2.0,Medium Fast,190.0,0.2,2.0,50.0
178.0,Xatu,Psychic,Flying,"['Early Bird', 'Magic Bounce', 'Synchronize']",65.0,75.0,70.0,95.0,70.0,95.0,470.0,78.3333333333333,12.1335164821342,2.0,Medium Fast,75.0,1.5,15.0,6.7
179.0,Mareep,Electric,,"['Plus', 'Static']",55.0,40.0,40.0,65.0,45.0,35.0,280.0,46.6666666666667,10.2740233382816,2.0,Medium Slow,235.0,0.6,7.8,21.7
180.0,Flaaffy,Electric,,"['Plus', 'Static']",70.0,55.0,55.0,80.0,60.0,45.0,365.0,60.8333333333333,11.3345587572795,2.0,Medium Slow,120.0,0.8,13.3,20.8
181.0,Ampharos,Electric,,"['Plus', 'Static']",90.0,75.0,85.0,115.0,90.0,55.0,510.0,85.0,-18.0277563773199,2.0,Medium Slow,45.0,1.4,61.5,31.4
181.0,Mega Ampharos,Electric,Dragon,['Mold Breaker'],90.0,95.0,105.0,165.0,110.0,45.0,610.0,101.666666666667,35.3160335006952,6.0,Medium Slow,45.0,1.4,61.5,31.4
182.0,Bellossom,Grass,,"['Chlorophyll', 'Healer']",75.0,80.0,95.0,90.0,100.0,50.0,490.0,81.6666666666667,16.4991582276861,2.0,Medium Slow,45.0,0.4,5.8,36.3
183.0,Marill,Water,Fairy,"['Huge Power', 'Sap Sipper', 'Thick Fat']",70.0,20.0,50.0,20.0,50.0,40.0,250.0,41.6666666666667,17.7169096878911,2.0,Fast,190.0,0.4,8.5,53.1
184.0,Azumarill,Water,Fairy,"['Huge Power', 'Sap Sipper', 'Thick Fat']",100.0,50.0,80.0,60.0,80.0,50.0,,70.0,18.2574185835055,2.0,Fast,75.0,0.8,28.5,44.5
185.0,Sudowoodo,Rock,,"['Rattled', 'Rock Head', 'Sturdy']",70.0,100.0,115.0,30.0,65.0,30.0,410.0,68.3333333333333,31.9722101554181,2.0,Medium Fast,65.0,1.2,38.0,26.4
186.0,Politoed,Water,,"['Damp', 'Drizzle', 'Water Absorb']",90.0,75.0,-283.4784399598373,90.0,100.0,70.0,500.0,83.3333333333333,10.6718737290547,2.0,Medium Slow,45.0,1.1,33.9,28.0
187.0,Hoppip,Grass,Flying,"['Chlorophyll', 'Infiltrator', 'Leaf Guard']",35.0,35.0,40.0,35.0,55.0,50.0,250.0,41.6666666666667,7.99305253885453,2.0,Medium Slow,255.0,0.4,0.5,3.1
188.0,Skiploom,Grass,Flying,"['Chlorophyll', 'Infiltrator', 'Leaf Guard']",55.0,45.0,50.0,45.0,65.0,80.0,340.0,56.6666666666667,12.4721912892465,2.0,Medium Slow,120.0,0.6,1.0,2.8
189.0,Jumpluff,Grass,Flying,"['Chlorophyll', 'Infiltrator', 'Leaf Guard']",75.0,55.0,70.0,55.0,95.0,110.0,460.0,76.6666666666667,20.138409955991,2.0,Medium Slow,45.0,0.8,3.0,4.7
190.0,Aipom,Normal,,"['Pickup', 'Run Away', 'Skill Link']",55.0,70.0,55.0,40.0,55.0,85.0,360.0,60.0,-87.85475222704919,2.0,Fast,45.0,0.8,11.5,18.0
191.0,Sunkern,Grass,,"['Chlorophyll', 'Early Bird', 'Solar Power']",30.0,30.0,30.0,30.0,30.0,30.0,180.0,30.0,0.0,2.0,Medium Slow,235.0,0.3,1.8,20.0
192.0,Sunflora,Grass,,"['Chlorophyll', 'Early Bird', 'Solar Power']",75.0,75.0,55.0,105.0,85.0,30.0,425.0,70.8333333333333,23.5259903558218,2.0,Medium Slow,120.0,0.8,-8.5,13.3
193.0,Yanma,Bug,Flying,"['Frisk', 'Speed Boost']",65.0,65.0,45.0,75.0,45.0,95.0,390.0,65.0,17.3205080756888,2.0,Medium Fast,75.0,1.2,38.0,26.4
194.0,Wooper,Water,Ground,"['Damp', 'Unaware', 'Water Absorb']",55.0,45.0,45.0,25.0,25.0,15.0,210.0,35.0,14.142135623731,2.0,Medium Fast,255.0,0.4,8.5,53.1
195.0,Quagsire,Water,Ground,"['Damp', 'Unaware', 'Water Absorb']",95.0,85.0,85.0,65.0,65.0,35.0,430.0,71.6666666666667,19.7202659436654,2.0,Medium Fast,90.0,1.4,75.0,38.3
196.0,Espeon,Psychic,,"['Magic Bounce', 'Synchronize']",65.0,65.0,60.0,130.0,95.0,110.0,525.0,87.5,-26.2599187609812,2.0,Medium Fast,45.0,0.9,26.5,32.7
197.0,Umbreon,Dark,,"['Inner Focus', 'Synchronize']",95.0,65.0,110.0,60.0,130.0,65.0,525.0,87.5,26.2599187609812,2.0,Medium Fast,45.0,1.0,27.0,27.0
198.0,Murkrow,Dark,Flying,"['Insomnia', 'Prankster', 'Super Luck']",60.0,85.0,42.0,85.0,42.0,91.0,405.0,67.5,20.5,2.0,Medium Slow,30.0,0.5,2.1,8.4
199.0,Slowking,Water,Psychic,"['Oblivious', 'Own Tempo', 'Regenerator']",95.0,75.0,80.0,100.0,110.0,30.0,490.0,81.6666666666667,25.9272486435067,2.0,Medium Fast,70.0,2.0,79.5,19.9
199.0,Galarian Slowking,Poison,Psychic,"['Curious Medicine', 'Own Tempo', 'Regenerator']",95.0,65.0,80.0,110.0,-110.0,30.0,490.0,81.6666666666667,28.0871659105879,8.0,Medium Fast,70.0,1.8,79.5,24.5
200.0,Misdreavus,Ghost,,['Levitate'],60.0,60.0,60.0,85.0,85.0,85.0,435.0,72.5,12.5,2.0,Fast,45.0,0.7,1.0,-175.4765217059396
201.0,Unown,Psychic,,['Levitate'],48.0,462.8234479263979,48.0,72.0,48.0,48.0,336.0,56.0,11.3137084989848,2.0,Medium Fast,225.0,0.5,5.0,20.0
202.0,Wobbuffet,Psychic,,"['Shadow Tag', 'Telepathy']",190.0,33.0,58.0,33.0,58.0,33.0,405.0,67.5,55.9128786595718,2.0,Medium Fast,45.0,1.3,28.5,16.9
203.0,Girafarig,Normal,Psychic,"['Early Bird', 'Inner Focus', 'Sap Sipper']",70.0,80.0,65.0,90.0,65.0,85.0,455.0,75.8333333333333,9.75391659226635,2.0,Medium Fast,60.0,1.5,41.5,18.4
204.0,Pineco,Bug,,"['Overcoat', 'Sturdy']",50.0,65.0,90.0,35.0,35.0,15.0,290.0,48.3333333333333,24.0947204913349,2.0,Medium Fast,190.0,0.6,7.2,20.0
205.0,Forretress,Bug,Steel,"['Overcoat', 'Sturdy']",75.0,90.0,140.0,60.0,60.0,40.0,465.0,77.5,31.8525247560273,2.0,Medium Fast,75.0,1.2,125.8,87.4
206.0,Dunsparce,Normal,,"['Rattled', 'Run Away', 'Serene Grace']",100.0,70.0,70.0,65.0,65.0,45.0,415.0,69.1666666666667,16.1804065324563,2.0,Medium Fast,190.0,1.5,14.0,6.2
207.0,Gligar,Ground,Flying,"['Hyper Cutter', 'Immunity', 'Sand Veil']",65.0,75.0,105.0,35.0,65.0,85.0,430.0,71.6666666666667,21.3437474581095,2.0,Medium Slow,60.0,1.1,64.8,53.6
208.0,Steelix,Steel,Ground,"['Rock Head', 'Sheer Force', 'Sturdy']",75.0,85.0,200.0,55.0,467.1199797471485,30.0,510.0,-85.0,54.2371336509099,2.0,Medium Fast,25.0,9.2,400.0,4.7
208.0,Mega Steelix,Steel,Ground,['Sand Force'],75.0,125.0,230.0,55.0,95.0,30.0,610.0,101.666666666667,64.6572158042361,6.0,Medium Fast,25.0,10.5,740.0,6.7
209.0,Snubbull,Fairy,,"['Intimidate', 'Rattled', 'Run Away']",60.0,80.0,50.0,,-40.0,30.0,300.0,50.0,16.3299316185545,2.0,Fast,190.0,0.6,7.8,21.7
210.0,Granbull,Fairy,,"['Intimidate', 'Quick Feet', 'Rattled']",90.0,120.0,75.0,60.0,60.0,45.0,450.0,75.0,24.4948974278318,2.0,Fast,75.0,1.4,48.7,24.8
211.0,Qwilfish,Water,Poison,"['Intimidate', 'Poison Point', 'Swift Swim']",65.0,95.0,85.0,55.0,55.0,85.0,440.0,73.3333333333333,15.723301886761,2.0,Medium Fast,45.0,0.5,3.9,15.6
212.0,Scizor,Bug,Steel,"['Light Metal', 'Swarm', 'Technician']",70.0,130.0,100.0,55.0,80.0,65.0,500.0,83.3333333333333,25.1108652888656,2.0,Medium Fast,25.0,1.8,118.0,36.4
212.0,Mega Scizor,Bug,Steel,['Technician'],70.0,150.0,140.0,65.0,100.0,75.0,600.0,100.0,33.7885582211888,6.0,Medium Fast,25.0,2.0,125.0,31.3
213.0,Shuckle,Bug,Rock,"['Contrary', 'Gluttony', 'Sturdy']",20.0,10.0,230.0,10.0,230.0,5.0,505.0,84.1666666666667,103.215658803411,2.0,Medium Slow,190.0,0.6,20.5,56.9
214.0,Heracross,Bug,Fighting,"['Guts', 'Moxie', 'Swarm']",80.0,125.0,75.0,40.0,95.0,85.0,500.0,83.3333333333333,25.2762514801718,2.0,Slow,45.0,1.5,54.0,24.0
214.0,Mega Heracross,Bug,Fighting,['Skill Link'],80.0,185.0,115.0,40.0,105.0,75.0,600.0,100.0,44.9073119510249,6.0,Slow,45.0,1.7,62.5,21.6
215.0,Sneasel,Dark,Ice,"['Inner Focus', 'Keen Eye', 'Pickpocket']",55.0,95.0,55.0,35.0,75.0,115.0,430.0,71.6666666666667,26.8741924943285,2.0,Medium Slow,60.0,0.9,28.0,34.6
216.0,Teddiursa,Normal,,"['Honey Gather', 'Pickup', 'Quick Feet']",60.0,80.0,50.0,50.0,50.0,40.0,330.0,55.0,12.5830573921179,2.0,Medium Fast,120.0,0.6,8.8,24.4
217.0,Ursaring,Normal,,"['Guts', 'Quick Feet', 'Unnerve']",90.0,130.0,75.0,75.0,75.0,-55.0,500.0,83.3333333333333,23.2139804619735,2.0,Medium Fast,60.0,1.8,125.8,38.8
218.0,Slugma,Fire,,"['Flame Body', 'Magma Armor', 'Weak Armor']",40.0,40.0,40.0,70.0,40.0,20.0,250.0,41.6666666666667,14.6249406456535,2.0,Medium Fast,190.0,0.7,35.0,71.4
219.0,Magcargo,Fire,Rock,"['Flame Body', 'Magma Armor', 'Weak Armor']",60.0,50.0,120.0,90.0,80.0,30.0,430.0,71.6666666666667,29.1070819942883,2.0,Medium Fast,75.0,0.8,55.0,85.9
220.0,Swinub,Ice,Ground,"['Oblivious', 'Snow Cloak', 'Thick Fat']",50.0,50.0,40.0,30.0,30.0,50.0,250.0,41.6666666666667,8.97527467855751,2.0,Slow,225.0,0.4,6.5,40.6
221.0,Piloswine,Ice,Ground,"['Oblivious', 'Snow Cloak', 'Thick Fat']",100.0,100.0,80.0,60.0,60.0,464.42794269594475,450.0,75.0,19.7905701450632,2.0,Slow,75.0,1.1,55.8,46.1
222.0,Corsola,Water,Rock,"['Hustle', 'Natural Cure', 'Regenerator']",65.0,55.0,95.0,65.0,95.0,35.0,410.0,68.3333333333333,21.3437474581095,2.0,Fast,60.0,0.6,5.0,13.9
4974.276217480938,Galarian Corsola,Ghost,,"['Cursed Body', 'Weak Armor']",60.0,55.0,100.0,65.0,100.0,30.0,410.0,68.3333333333333,24.9443825784929,8.0,Fast,60.0,0.6,0.5,1.4
223.0,Remoraid,Water,,"['Hustle', 'Moody', 'Sniper']",35.0,65.0,35.0,65.0,35.0,65.0,300.0,50.0,15.0,2.0,Medium Fast,190.0,0.6,12.0,33.3
224.0,Octillery,Water,,"['Moody', 'Sniper', 'Suction Cups']",75.0,105.0,75.0,105.0,75.0,45.0,480.0,80.0,20.6155281280883,2.0,Medium Fast,75.0,0.9,28.5,35.2
225.0,Delibird,Ice,Flying,"['Hustle', 'Insomnia', 'Vital Spirit']",45.0,55.0,45.0,65.0,45.0,75.0,330.0,55.0,11.5470053837925,2.0,Fast,45.0,0.9,16.0,19.8
226.0,Mantine,Water,Flying,"['Swift Swim', 'Water Absorb', 'Water Veil']",85.0,40.0,70.0,80.0,140.0,70.0,485.0,80.8333333333333,30.0578146614524,2.0,Slow,25.0,2.1,220.0,49.9
227.0,Skarmory,Steel,Flying,"['Keen Eye', 'Sturdy', 'Weak Armor']",65.0,80.0,140.0,40.0,70.0,70.0,465.0,77.5,30.5163890393343,2.0,Slow,25.0,1.7,50.5,17.5
228.0,Houndour,Dark,Fire,"['Early Bird', 'Flash Fire', 'Unnerve']",45.0,60.0,30.0,80.0,50.0,65.0,330.0,55.0,15.8113883008419,2.0,Slow,120.0,0.6,10.8,30.0
229.0,Houndoom,Dark,Fire,"['Early Bird', 'Flash Fire', 'Unnerve']",-75.0,90.0,50.0,110.0,80.0,95.0,500.0,83.3333333333333,18.6338998124983,2.0,Slow,45.0,1.4,35.0,17.9
229.0,Mega Houndoom,Dark,Fire,['Solar Power'],75.0,90.0,90.0,140.0,90.0,115.0,600.0,100.0,21.4087209644419,6.0,Slow,45.0,1.9,49.5,13.7
230.0,Kingdra,Water,Dragon,"['Damp', 'Sniper', 'Swift Swim']",75.0,95.0,95.0,95.0,95.0,85.0,540.0,90.0,7.63762615825973,2.0,Medium Fast,45.0,1.8,152.0,46.9
231.0,Phanpy,Ground,,"['Pickup', 'Sand Veil']",90.0,60.0,60.0,40.0,40.0,40.0,330.0,55.0,18.0277563773199,2.0,Medium Fast,120.0,0.5,33.5,-134.0
232.0,Donphan,Ground,,"['Sand Veil', 'Sturdy']",90.0,120.0,120.0,60.0,60.0,50.0,500.0,83.3333333333333,28.6744175568088,2.0,Medium Fast,60.0,1.1,120.0,99.2
233.0,Porygon2,Normal,,"['Analytic', 'Download', 'Trace']",85.0,80.0,90.0,105.0,95.0,60.0,515.0,85.8333333333333,13.9692121785335,2.0,Medium Fast,45.0,0.6,-32.5,90.3
234.0,Stantler,Normal,,"['Frisk', 'Intimidate', 'Sap Sipper']",73.0,95.0,62.0,85.0,65.0,85.0,465.0,77.5,11.8004237212059,2.0,Slow,45.0,1.4,71.2,36.3
235.0,Smeargle,Normal,,"['Moody', 'Own Tempo', 'Technician']",,20.0,35.0,20.0,45.0,75.0,250.0,41.6666666666667,19.5078331845327,2.0,Fast,45.0,1.2,58.0,40.3
236.0,Tyrogue,Fighting,,"['Guts', 'Steadfast', 'Vital Spirit']",35.0,35.0,35.0,35.0,35.0,35.0,210.0,35.0,0.0,2.0,Medium Fast,75.0,0.7,21.0,42.9
237.0,Hitmontop,Fighting,,"['Intimidate', 'Steadfast', 'Technician']",50.0,95.0,95.0,35.0,110.0,70.0,455.0,75.8333333333333,26.6796843226369,2.0,Medium Fast,45.0,1.4,48.0,24.5
238.0,Smoochum,Ice,Psychic,"['Forewarn', 'Hydration', 'Oblivious']",45.0,30.0,15.0,85.0,65.0,65.0,305.0,50.8333333333333,23.5259903558218,2.0,Medium Fast,45.0,0.4,6.0,37.5
239.0,Elekid,Electric,,"['Static', 'Vital Spirit']",45.0,63.0,37.0,65.0,55.0,95.0,360.0,60.0,18.4300479290388,2.0,Medium Fast,45.0,0.6,23.5,65.3
240.0,Magby,Fire,,"['Flame Body', 'Vital Spirit']",45.0,75.0,37.0,70.0,55.0,83.0,365.0,60.8333333333333,16.4764141190437,2.0,Medium Fast,45.0,0.7,21.4,43.7
241.0,Miltank,Normal,,"['Sap Sipper', 'Scrappy', 'Thick Fat']",95.0,80.0,105.0,40.0,70.0,100.0,490.0,81.6666666666667,22.1108319357027,2.0,Slow,45.0,1.2,75.5,52.4
242.0,Blissey,Normal,,"['Healer', 'Natural Cure', 'Serene Grace']",255.0,10.0,10.0,75.0,135.0,55.0,540.0,90.0,85.146931829632,2.0,Fast,30.0,-1.5,46.8,20.8
243.0,Raikou,Electric,,"['Inner Focus', 'Pressure']",90.0,85.0,75.0,115.0,100.0,115.0,580.0,96.6666666666667,14.9071198499986,2.0,Slow,3.0,1.9,178.0,49.3
244.0,Entei,Fire,,"['Inner Focus', 'Pressure']",115.0,115.0,85.0,90.0,75.0,100.0,580.0,96.6666666666667,14.9071198499986,2.0,Slow,3.0,2.1,198.0,44.9
245.0,Suicune,Water,,"['Inner Focus', 'Pressure']",100.0,75.0,115.0,90.0,115.0,85.0,580.0,96.6666666666667,14.9071198499986,2.0,Slow,3.0,2.0,187.0,46.8
246.0,Larvitar,Rock,Ground,"['Guts', 'Sand Veil']",50.0,64.0,50.0,45.0,50.0,41.0,300.0,50.0,7.09459888459759,2.0,Slow,45.0,0.6,72.0,200.0
247.0,Pupitar,Rock,Ground,['Shed Skin'],70.0,84.0,70.0,65.0,70.0,51.0,410.0,68.3333333333333,9.70681318570736,2.0,Slow,45.0,1.2,152.0,105.6
248.0,Tyranitar,Rock,Dark,"['Sand Stream', 'Unnerve']",100.0,134.0,110.0,95.0,100.0,61.0,600.0,100.0,21.6101827849743,2.0,Slow,45.0,2.0,202.0,50.5
248.0,Mega Tyranitar,Rock,Dark,['Sand Stream'],100.0,164.0,150.0,95.0,120.0,71.0,700.0,116.666666666667,32.1334024895521,6.0,Slow,45.0,2.5,255.0,40.8
249.0,Lugia,Psychic,Flying,"['Multiscale', 'Pressure']",106.0,90.0,130.0,90.0,154.0,110.0,680.0,113.333333333333,22.6764684689266,-23.90780888082743,Slow,3.0,5.2,216.0,8.0
250.0,Ho-Oh,Fire,Flying,"['Pressure', 'Regenerator']",106.0,130.0,90.0,110.0,154.0,90.0,680.0,113.333333333333,22.6764684689266,2.0,Slow,3.0,3.8,199.0,13.8
251.0,Celebi,Psychic,Grass,['Natural Cure'],100.0,100.0,100.0,100.0,100.0,100.0,600.0,100.0,0.0,2.0,Medium Slow,45.0,0.6,5.0,13.9
252.0,Treecko,Grass,,"['Overgrow', 'Unburden']",40.0,45.0,35.0,65.0,55.0,70.0,310.0,51.6666666666667,12.801909579781,3.0,Medium Slow,45.0,0.5,5.0,20.0
253.0,Grovyle,Grass,,"['Overgrow', 'Unburden']",50.0,65.0,45.0,85.0,65.0,95.0,405.0,67.5,17.736497211494,3.0,Medium Slow,45.0,0.9,21.6,26.7
-3486.986158625631,Sceptile,Grass,,"['Overgrow', 'Unburden']",70.0,85.0,65.0,105.0,85.0,120.0,530.0,88.3333333333333,19.075871903766,3.0,Medium Slow,45.0,1.7,52.2,18.1
254.0,Mega Sceptile,Grass,Dragon,[],70.0,110.0,75.0,145.0,85.0,145.0,630.0,105.0,30.9569593683445,6.0,Medium Slow,45.0,1.9,55.2,15.3
255.0,Torchic,Fire,,"['Blaze', 'Speed Boost']",45.0,60.0,40.0,70.0,50.0,45.0,310.0,51.6666666666667,10.2740233382816,3.0,Medium Slow,45.0,0.4,2.5,15.6
256.0,Combusken,Fire,Fighting,"['Blaze', 'Speed Boost']",60.0,85.0,60.0,85.0,60.0,55.0,405.0,67.5,12.5,3.0,Medium Slow,45.0,0.9,19.5,24.1
257.0,Blaziken,Fire,Fighting,"['Blaze', 'Speed Boost']",80.0,120.0,70.0,110.0,70.0,80.0,530.0,88.3333333333333,19.5078331845327,3.0,Medium Slow,45.0,1.9,52.0,14.4
257.0,Mega Blaziken,Fire,Fighting,['Speed Boost'],80.0,160.0,80.0,130.0,80.0,100.0,630.0,105.0,30.4138126514911,6.0,Medium Slow,45.0,1.9,52.0,14.4
258.0,Mudkip,Water,,"['Damp', 'Torrent']",50.0,70.0,50.0,50.0,50.0,40.0,310.0,51.6666666666667,8.97527467855751,3.0,Medium Slow,45.0,0.4,7.6,47.5
259.0,Marshtomp,Water,Ground,"['Damp', 'Torrent']",70.0,85.0,70.0,60.0,70.0,50.0,405.0,67.5,10.7043604822209,3.0,Medium Slow,45.0,0.7,28.0,57.1
260.0,Swampert,Water,Ground,"['Damp', 'Torrent']",100.0,110.0,90.0,85.0,90.0,60.0,535.0,89.1666666666667,15.3884877605162,3.0,Medium Slow,45.0,1.5,81.9,36.4
260.0,Mega Swampert,Water,Ground,['Swift Swim'],100.0,150.0,110.0,95.0,110.0,-322.5514869397801,635.0,105.833333333333,23.8775813031573,6.0,Medium Slow,45.0,1.9,102.0,28.3
261.0,Poochyena,Dark,,"['Quick Feet', 'Rattled', 'Run Away']",35.0,55.0,35.0,30.0,30.0,35.0,220.0,36.6666666666667,8.49836585598797,3.0,Medium Fast,255.0,0.5,13.6,54.4
262.0,Mightyena,Dark,,"['Intimidate', 'Moxie', 'Quick Feet']",70.0,90.0,70.0,60.0,60.0,70.0,420.0,70.0,10.0,3.0,Medium Fast,127.0,1.0,37.0,37.0
263.0,Zigzagoon,Normal,,"['Gluttony', 'Pickup', 'Quick Feet']",38.0,30.0,41.0,30.0,41.0,60.0,240.0,40.0,10.0498756211209,3.0,Medium Fast,255.0,0.4,17.5,109.4
263.0,Galarian Zigzagoon,Dark,Normal,"['Gluttony', 'Pickup', 'Quick Feet']",38.0,30.0,41.0,30.0,41.0,,240.0,40.0,10.0498756211209,8.0,Medium Fast,255.0,0.4,17.5,109.4
264.0,Linoone,Normal,,"['Gluttony', 'Pickup', 'Quick Feet']",78.0,70.0,61.0,50.0,427.7393121515568,100.0,420.0,70.0,15.9478316185409,3.0,Medium Fast,90.0,0.5,32.5,130.0
264.0,Galarian Linoone,Dark,Normal,"['Gluttony', 'Pickup', 'Quick Feet']",78.0,70.0,61.0,50.0,61.0,100.0,420.0,70.0,15.9478316185409,8.0,Medium Fast,90.0,0.5,32.5,130.0
265.0,Wurmple,Bug,,"['Run Away', 'Shield Dust']",45.0,45.0,35.0,20.0,30.0,20.0,195.0,32.5,10.3077640640442,3.0,Medium Fast,255.0,0.3,3.6,40.0
266.0,Silcoon,Bug,,['Shed Skin'],50.0,35.0,55.0,25.0,25.0,15.0,205.0,34.1666666666667,14.2643689738531,3.0,Medium Fast,120.0,0.6,10.0,27.8
267.0,Beautifly,Bug,Flying,"['Rivalry', 'Swarm']",60.0,70.0,50.0,100.0,50.0,65.0,395.0,65.8333333333333,16.935334527418,3.0,Medium Fast,45.0,1.0,28.4,28.4
268.0,Cascoon,Bug,,['Shed Skin'],50.0,35.0,55.0,25.0,25.0,15.0,205.0,34.1666666666667,14.2643689738531,3.0,Medium Fast,120.0,0.7,11.5,-23.5
269.0,Dustox,Bug,Poison,['Shield Dust'],60.0,50.0,70.0,50.0,90.0,65.0,385.0,64.1666666666667,13.6676828890473,3.0,Medium Fast,45.0,1.2,31.6,21.9
270.0,Lotad,,Grass,"['Own Tempo', 'Rain Dish', 'Swift Swim']",40.0,30.0,30.0,40.0,50.0,30.0,220.0,36.6666666666667,7.4535599249993,3.0,Medium Slow,255.0,0.5,2.6,10.4
271.0,Lombre,Water,Grass,"['Own Tempo', 'Rain Dish', 'Swift Swim']",60.0,50.0,50.0,-60.0,70.0,50.0,340.0,56.6666666666667,7.4535599249993,3.0,Medium Slow,120.0,1.2,32.5,22.6
272.0,Ludicolo,Water,Grass,"['Own Tempo', 'Rain Dish', 'Swift Swim']",80.0,70.0,70.0,90.0,100.0,70.0,480.0,80.0,11.5470053837925,3.0,Medium Slow,45.0,1.5,55.0,24.4
273.0,Seedot,Grass,,"['Chlorophyll', 'Early Bird', 'Pickpocket']",40.0,40.0,50.0,30.0,30.0,30.0,220.0,36.6666666666667,7.4535599249993,3.0,Medium Slow,255.0,0.5,4.0,16.0
274.0,Nuzleaf,Grass,Dark,"['Chlorophyll', 'Early Bird', 'Pickpocket']",70.0,70.0,40.0,60.0,40.0,60.0,340.0,56.6666666666667,12.4721912892465,3.0,Medium Slow,120.0,1.0,28.0,28.0
275.0,Shiftry,Grass,Dark,"['Chlorophyll', 'Early Bird', 'Pickpocket']",90.0,100.0,60.0,90.0,60.0,80.0,480.0,80.0,15.2752523165195,3.0,Medium Slow,45.0,1.3,59.6,235.0861749328362
276.0,Taillow,Normal,Flying,"['Guts', 'Scrappy']",40.0,55.0,30.0,30.0,30.0,85.0,270.0,45.0,20.0,3.0,Medium Slow,200.0,0.3,2.3,25.6
277.0,Swellow,Normal,Flying,"['Guts', 'Scrappy']",,85.0,60.0,75.0,50.0,125.0,455.0,75.8333333333333,24.7347034660931,3.0,Medium Slow,45.0,0.7,19.8,40.4
278.0,Wingull,Water,Flying,"['Hydration', 'Keen Eye', 'Rain Dish']",40.0,30.0,30.0,55.0,30.0,85.0,270.0,45.0,20.0,3.0,Medium Fast,190.0,0.6,9.5,26.4
279.0,Pelipper,Water,Flying,"['Drizzle', 'Keen Eye', 'Rain Dish']",60.0,50.0,100.0,95.0,70.0,65.0,440.0,73.3333333333333,18.1811868577262,3.0,Medium Fast,45.0,1.2,28.0,19.4
280.0,Ralts,Psychic,Fairy,"['Synchronize', 'Telepathy', 'Trace']",28.0,25.0,25.0,45.0,35.0,40.0,198.0,33.0,7.63762615825973,3.0,Slow,235.0,0.4,6.6,41.3
281.0,Kirlia,Psychic,Fairy,"['Synchronize', 'Telepathy', 'Trace']",38.0,35.0,35.0,65.0,55.0,50.0,278.0,46.3333333333333,11.2792828771258,3.0,Slow,120.0,0.8,20.2,31.6
282.0,Gardevoir,Psychic,Fairy,"['Synchronize', 'Telepathy', 'Trace']",68.0,65.0,-65.0,125.0,115.0,80.0,518.0,86.3333333333333,24.5062350342837,3.0,Slow,45.0,1.6,48.4,18.9
282.0,Mega Gardevoir,Psychic,Fairy,['Pixilate'],68.0,85.0,65.0,165.0,135.0,100.0,618.0,103.0,36.2169389466679,6.0,Slow,45.0,1.6,48.4,18.9
283.0,Surskit,Bug,Water,"['Rain Dish', 'Swift Swim']",40.0,30.0,32.0,50.0,52.0,65.0,269.0,44.8333333333333,12.1985882607602,3.0,Medium Fast,200.0,0.5,1.7,6.8
284.0,Masquerain,Bug,Flying,"['Intimidate', 'Unnerve']",70.0,60.0,62.0,100.0,82.0,80.0,454.0,75.6666666666667,13.6341075574784,3.0,Medium Fast,75.0,0.8,3.6,5.6
285.0,Shroomish,Grass,,"['Effect Spore', 'Poison Heal', 'Quick Feet']",60.0,40.0,60.0,40.0,60.0,35.0,295.0,49.1666666666667,10.9607886983049,3.0,Fluctuating,255.0,0.4,4.5,28.1
286.0,Breloom,Grass,Fighting,"['Effect Spore', 'Poison Heal', 'Technician']",60.0,130.0,80.0,60.0,60.0,-70.0,460.0,76.6666666666667,24.9443825784929,3.0,Fluctuating,90.0,1.2,39.2,27.2
287.0,Slakoth,Normal,,['Truant'],60.0,60.0,60.0,35.0,35.0,30.0,280.0,46.6666666666667,13.4370962471643,3.0,Slow,255.0,0.8,24.0,37.5
288.0,Vigoroth,Normal,,['Vital Spirit'],80.0,80.0,80.0,55.0,55.0,90.0,440.0,73.3333333333333,13.4370962471643,3.0,Slow,120.0,1.4,46.5,23.7
289.0,Slaking,Normal,,['Truant'],150.0,160.0,100.0,95.0,65.0,100.0,670.0,111.666666666667,32.9983164553722,3.0,Slow,45.0,2.0,130.5,32.6
290.0,Nincada,Bug,Ground,['Run Away'],31.0,45.0,90.0,30.0,30.0,40.0,266.0,44.3333333333333,21.1869981094276,3.0,Erratic,255.0,0.5,5.5,22.0
291.0,Ninjask,Bug,Flying,"['Infiltrator', 'Speed Boost']",61.0,90.0,45.0,50.0,50.0,160.0,456.0,76.0,40.3938939280019,3.0,Erratic,120.0,0.8,12.0,18.8
292.0,Shedinja,Bug,Ghost,['Wonder Guard'],1.0,90.0,45.0,30.0,30.0,40.0,236.0,39.3333333333333,26.5936500357176,3.0,Erratic,45.0,0.8,1.2,1.9
293.0,Whismur,Normal,,"['Rattled', 'Soundproof']",64.0,51.0,23.0,51.0,23.0,28.0,240.0,40.0,16.0208197875972,3.0,Medium Slow,190.0,0.6,16.3,45.3
294.0,Loudred,Normal,,"['Scrappy', 'Soundproof']",84.0,71.0,43.0,71.0,43.0,48.0,360.0,60.0,16.0208197875972,3.0,Medium Slow,120.0,1.0,40.5,40.5
295.0,Exploud,Normal,,"['Scrappy', 'Soundproof']",104.0,91.0,63.0,91.0,73.0,68.0,490.0,81.6666666666667,14.6249406456535,3.0,Medium Slow,45.0,1.5,84.0,37.3
296.0,Makuhita,Fighting,,"['Guts', 'Sheer Force', 'Thick Fat']",72.0,60.0,30.0,20.0,30.0,25.0,237.0,39.5,19.3541554538898,3.0,Fluctuating,180.0,1.0,86.4,86.4
297.0,Hariyama,Fighting,,"['Guts', 'Sheer Force', 'Thick Fat']",144.0,120.0,60.0,40.0,60.0,50.0,474.0,79.0,38.7083109077797,3.0,Fluctuating,200.0,2.3,253.8,48.0
298.0,Azurill,Normal,Fairy,"['Huge Power', 'Sap Sipper', 'Thick Fat']",50.0,20.0,40.0,20.0,40.0,20.0,190.0,31.6666666666667,12.1335164821342,3.0,Fast,150.0,0.2,2.0,50.0
299.0,Nosepass,Rock,,"['Magnet Pull', 'Sand Force', 'Sturdy']",30.0,45.0,135.0,45.0,90.0,30.0,375.0,62.5,38.1608438061844,3.0,Medium Fast,255.0,1.0,97.0,97.0
300.0,Skitty,Normal,,"['Cute Charm', 'Normalize', 'Wonder Skin']",50.0,45.0,45.0,35.0,35.0,50.0,260.0,43.3333333333333,6.23609564462324,3.0,Fast,255.0,0.6,11.0,30.6
301.0,Delcatty,Normal,,"['Cute Charm', 'Normalize', 'Wonder Skin']",70.0,65.0,65.0,55.0,55.0,90.0,400.0,66.6666666666667,11.7851130197758,3.0,Fast,60.0,1.1,32.6,26.9
302.0,Sableye,Dark,Ghost,"['Keen Eye', 'Prankster', 'Stall']",50.0,75.0,75.0,65.0,65.0,50.0,380.0,63.3333333333333,10.2740233382816,3.0,Medium Slow,45.0,0.5,11.0,44.0
302.0,Mega Sableye,Dark,Ghost,['Magic Bounce'],50.0,85.0,125.0,85.0,115.0,20.0,480.0,80.0,36.0555127546399,6.0,Medium Slow,45.0,0.5,161.0,644.0
303.0,Mawile,Steel,Fairy,"['Hyper Cutter', 'Intimidate', 'Sheer Force']",50.0,85.0,85.0,55.0,55.0,50.0,380.0,63.3333333333333,15.4560308258262,3.0,Fast,45.0,0.6,11.5,31.9
303.0,Mega Mawile,Steel,Fairy,['Huge Power'],50.0,105.0,125.0,55.0,95.0,50.0,480.0,80.0,29.7209241668783,6.0,Fast,45.0,1.0,23.5,23.5
304.0,Aron,Steel,Rock,"['Heavy Metal', 'Rock Head', 'Sturdy']",50.0,70.0,100.0,40.0,40.0,30.0,330.0,55.0,23.629078131263,3.0,Slow,180.0,0.4,60.0,375.0
305.0,Lairon,Steel,Rock,"['Heavy Metal', 'Rock Head', 'Sturdy']",60.0,90.0,140.0,50.0,50.0,40.0,430.0,71.6666666666667,34.3592135468138,3.0,Slow,90.0,0.9,120.0,148.1
306.0,Aggron,Steel,Rock,"['Heavy Metal', 'Rock Head', 'Sturdy']",70.0,110.0,180.0,60.0,60.0,50.0,530.0,88.3333333333333,45.2462398683274,3.0,Slow,45.0,2.1,360.0,81.6
306.0,Mega Aggron,Steel,,['Filter'],70.0,140.0,230.0,60.0,80.0,50.0,630.0,105.0,62.9152869605896,6.0,Slow,45.0,2.2,395.0,81.6
307.0,Meditite,Fighting,Psychic,"['Pure Power', 'Telepathy']",30.0,40.0,55.0,40.0,55.0,60.0,280.0,46.6666666666667,10.6718737290547,3.0,Medium Fast,180.0,0.6,11.2,31.1
308.0,Medicham,Fighting,Psychic,"['Pure Power', 'Telepathy']",60.0,60.0,75.0,60.0,75.0,80.0,410.0,68.3333333333333,8.49836585598798,3.0,Medium Fast,90.0,1.3,31.5,18.6
308.0,Mega Medicham,Fighting,Psychic,['Pure Power'],60.0,100.0,85.0,80.0,85.0,100.0,510.0,85.0,13.5400640077266,6.0,Medium Fast,90.0,1.3,31.5,18.6
309.0,Electrike,Electric,,"['Lightning Rod', 'Minus', 'Static']",40.0,45.0,40.0,65.0,40.0,65.0,295.0,49.1666666666667,11.3345587572795,3.0,Slow,120.0,0.6,15.2,42.2
310.0,Manectric,Electric,,"['Lightning Rod', 'Minus', 'Static']",70.0,75.0,60.0,105.0,60.0,105.0,475.0,79.1666666666667,19.0211870175222,3.0,Slow,45.0,1.5,628.7250959342703,17.9
310.0,Mega Manectric,Electric,,['Intimidate'],70.0,75.0,80.0,135.0,80.0,135.0,575.0,95.8333333333333,27.9011150713053,6.0,Slow,45.0,1.8,44.0,13.6
311.0,Plusle,Electric,,"['Lightning Rod', 'Plus']",60.0,50.0,40.0,85.0,75.0,95.0,405.0,67.5,19.3110503770941,3.0,Medium Fast,200.0,0.4,4.2,26.3
312.0,Minun,Electric,,"['Minus', 'Volt Absorb']",60.0,40.0,50.0,75.0,85.0,95.0,405.0,67.5,19.3110503770941,3.0,Medium Fast,200.0,0.4,4.2,26.3
313.0,Volbeat,Bug,,"['Illuminate', 'Prankster', 'Swarm']",65.0,73.0,75.0,47.0,85.0,85.0,430.0,71.6666666666667,13.0469238605206,3.0,Erratic,150.0,0.7,17.7,36.1
314.0,Illumise,Bug,,"['Oblivious', 'Prankster', 'Tinted Lens']",65.0,47.0,75.0,73.0,85.0,85.0,430.0,71.6666666666667,13.0469238605206,3.0,Fluctuating,150.0,0.6,17.7,49.2
315.0,Roselia,Grass,Poison,"['Leaf Guard', 'Natural Cure', 'Poison Point']",50.0,60.0,45.0,100.0,80.0,65.0,400.0,66.6666666666667,18.6338998124983,3.0,Medium Slow,150.0,0.3,2.0,22.2
316.0,Gulpin,Poison,,"['Gluttony', 'Liquid Ooze', 'Sticky Hold']",70.0,43.0,53.0,43.0,53.0,40.0,302.0,50.3333333333333,10.1269716873089,3.0,Fluctuating,225.0,0.4,10.3,64.4
317.0,Swalot,Poison,,"['Gluttony', 'Liquid Ooze', 'Sticky Hold']",100.0,73.0,83.0,73.0,83.0,55.0,467.0,77.8333333333333,13.6188186793944,3.0,Fluctuating,75.0,1.7,80.0,27.7
318.0,Carvanha,Water,Dark,"['Rough Skin', 'Speed Boost']",45.0,90.0,20.0,65.0,20.0,65.0,305.0,50.8333333333333,25.3995844235469,3.0,Slow,225.0,0.8,20.8,32.5
319.0,Sharpedo,Water,Dark,"['Rough Skin', 'Speed Boost']",70.0,120.0,40.0,95.0,40.0,95.0,460.0,76.6666666666667,29.6741563579414,3.0,Slow,60.0,1.8,88.8,27.4
319.0,Mega Sharpedo,Water,Dark,['Strong Jaw'],70.0,140.0,417.8526969276474,110.0,65.0,105.0,560.0,93.3333333333333,27.3353657780945,6.0,Slow,60.0,2.5,130.3,20.8
320.0,Wailmer,Water,,"['Oblivious', 'Pressure', 'Water Veil']",130.0,70.0,35.0,70.0,35.0,60.0,400.0,66.6666666666667,31.8416219575713,3.0,Fluctuating,125.0,2.0,130.0,32.5
321.0,Wailord,Water,,"['Oblivious', 'Pressure', 'Water Veil']",170.0,90.0,45.0,90.0,45.0,60.0,500.0,83.3333333333333,42.9793231940921,3.0,Fluctuating,60.0,14.5,398.0,1.9
322.0,Numel,Fire,Ground,"['Oblivious', 'Own Tempo', 'Simple']",60.0,60.0,40.0,65.0,45.0,35.0,305.0,50.8333333333333,11.3345587572795,3.0,Medium Fast,255.0,0.7,24.0,49.0
323.0,Camerupt,Fire,Ground,"['Anger Point', 'Magma Armor', 'Solid Rock']",70.0,100.0,70.0,105.0,75.0,40.0,460.0,76.6666666666667,21.5380799722001,3.0,Medium Fast,150.0,1.9,220.0,60.9
323.0,Mega Camerupt,Fire,Ground,['Sheer Force'],70.0,120.0,100.0,145.0,105.0,20.0,560.0,93.3333333333333,39.7562014729219,6.0,Medium Fast,150.0,2.5,320.5,51.3
324.0,Torkoal,Fire,,"['Drought', 'Shell Armor', 'White Smoke']",70.0,85.0,140.0,85.0,70.0,20.0,470.0,78.3333333333333,35.1978534699048,3.0,Medium Fast,90.0,0.5,80.4,321.6
325.0,Spoink,Psychic,,"['Gluttony', 'Own Tempo', 'Thick Fat']",60.0,25.0,35.0,70.0,80.0,60.0,330.0,55.0,19.1485421551268,3.0,Fast,255.0,0.7,30.6,62.4
326.0,Grumpig,Psychic,,"['Gluttony', 'Own Tempo', 'Thick Fat']",80.0,45.0,65.0,90.0,110.0,80.0,470.0,78.3333333333333,20.138409955991,3.0,Fast,60.0,0.9,71.5,88.3
327.0,Spinda,Normal,,"['Contrary', 'Own Tempo', 'Tangled Feet']",60.0,60.0,60.0,60.0,60.0,60.0,360.0,60.0,0.0,3.0,Fast,255.0,1.1,5.0,4.1
328.0,Trapinch,Ground,,"['Arena Trap', 'Hyper Cutter', 'Sheer Force']",-45.0,100.0,45.0,45.0,45.0,10.0,290.0,48.3333333333333,26.4049658629248,3.0,Medium Slow,255.0,0.7,15.0,30.6
329.0,Vibrava,Ground,Dragon,['Levitate'],50.0,70.0,50.0,50.0,50.0,70.0,,56.6666666666667,9.42809041582063,3.0,Medium Slow,120.0,1.1,15.3,12.6
330.0,Flygon,Ground,Dragon,['Levitate'],80.0,100.0,80.0,80.0,80.0,100.0,520.0,86.6666666666667,9.42809041582063,3.0,Medium Slow,45.0,2.0,82.0,20.5
331.0,Cacnea,Grass,,"['Sand Veil', 'Water Absorb']",50.0,85.0,40.0,85.0,40.0,35.0,335.0,55.8333333333333,21.0983148352869,3.0,Medium Slow,190.0,0.4,51.3,320.6
332.0,Cacturne,Grass,Dark,"['Sand Veil', 'Water Absorb']",70.0,115.0,60.0,115.0,60.0,55.0,475.0,79.1666666666667,25.7255817340552,3.0,Medium Slow,60.0,1.3,77.4,45.8
333.0,Swablu,Normal,Flying,"['Cloud Nine', 'Natural Cure']",45.0,40.0,60.0,40.0,75.0,50.0,310.0,51.6666666666667,12.4721912892465,3.0,Erratic,255.0,0.4,1.2,7.5
334.0,Altaria,Dragon,Flying,"['Cloud Nine', 'Natural Cure']",75.0,70.0,90.0,70.0,105.0,80.0,490.0,81.6666666666667,12.4721912892465,3.0,Erratic,45.0,1.1,-20.6,17.0
334.0,Mega Altaria,Dragon,Fairy,['Pixilate'],75.0,110.0,110.0,110.0,105.0,80.0,590.0,98.3333333333333,14.9071198499986,6.0,Erratic,45.0,1.5,20.6,9.2
335.0,Zangoose,Normal,,"['Immunity', 'Toxic Boost']",73.0,115.0,60.0,60.0,60.0,90.0,458.0,76.3333333333333,20.3851798018942,3.0,Erratic,90.0,1.3,40.3,23.8
336.0,Seviper,Poison,,"['Infiltrator', 'Shed Skin']",73.0,100.0,60.0,100.0,60.0,65.0,458.0,76.3333333333333,17.2884033065199,3.0,Fluctuating,90.0,2.7,52.5,7.2
337.0,Lunatone,Rock,Psychic,['Levitate'],90.0,55.0,65.0,95.0,85.0,70.0,460.0,76.6666666666667,14.3372087784044,3.0,Fast,45.0,1.0,168.0,168.0
338.0,Solrock,Rock,Psychic,['Levitate'],90.0,95.0,85.0,55.0,65.0,70.0,460.0,76.6666666666667,14.3372087784044,3.0,Fast,45.0,1.2,154.0,106.9
339.0,Barboach,Water,Ground,"['Anticipation', 'Hydration', 'Oblivious']",50.0,48.0,43.0,46.0,41.0,60.0,288.0,48.0,6.13731754650732,3.0,Medium Fast,190.0,0.4,1.9,11.9
340.0,Whiscash,Water,Ground,"['Anticipation', 'Hydration', 'Oblivious']",110.0,78.0,73.0,76.0,71.0,60.0,468.0,78.0,15.4164414397962,3.0,Medium Fast,75.0,0.9,23.6,29.1
341.0,Corphish,Water,,"['Adaptability', 'Hyper Cutter', 'Shell Armor']",43.0,80.0,65.0,50.0,35.0,35.0,308.0,51.3333333333333,16.3978318349985,3.0,Fluctuating,205.0,0.6,11.5,31.9
342.0,,Water,Dark,"['Adaptability', 'Hyper Cutter', 'Shell Armor']",63.0,120.0,85.0,90.0,55.0,55.0,468.0,78.0,23.2379000772445,3.0,Fluctuating,155.0,1.1,32.8,27.1
343.0,Baltoy,Ground,Psychic,['Levitate'],40.0,504.8827368093621,55.0,40.0,70.0,55.0,300.0,50.0,11.1803398874989,3.0,Medium Fast,255.0,0.5,21.5,86.0
344.0,Claydol,Ground,Psychic,['Levitate'],60.0,70.0,105.0,70.0,120.0,75.0,500.0,83.3333333333333,21.5380799722001,3.0,Medium Fast,90.0,1.5,108.0,48.0
345.0,Lileep,Rock,Grass,"['Storm Drain', 'Suction Cups']",66.0,41.0,77.0,61.0,87.0,23.0,355.0,59.1666666666667,21.5284050087837,3.0,Erratic,45.0,1.0,23.8,23.8
346.0,Cradily,Rock,Grass,"['Storm Drain', 'Suction Cups']",86.0,81.0,97.0,81.0,107.0,43.0,495.0,82.5,19.947848672643,3.0,Erratic,45.0,1.5,60.4,26.8
347.0,Anorith,Rock,Bug,"['Battle Armor', 'Swift Swim']",45.0,95.0,50.0,40.0,50.0,75.0,355.0,59.1666666666667,19.4543625498813,3.0,Erratic,45.0,0.7,12.5,25.5
348.0,Armaldo,Rock,Bug,"['Battle Armor', 'Swift Swim']",75.0,125.0,100.0,70.0,80.0,45.0,495.0,82.5,24.9582985531199,3.0,Erratic,45.0,1.5,68.2,30.3
349.0,Feebas,Water,,"['Adaptability', 'Oblivious', 'Swift Swim']",20.0,15.0,20.0,10.0,55.0,80.0,200.0,33.3333333333333,25.4405625374562,3.0,Erratic,255.0,0.6,7.4,20.6
350.0,Milotic,Water,,"['Competitive', 'Cute Charm', 'Marvel Scale']",95.0,60.0,79.0,100.0,125.0,81.0,540.0,90.0,20.2155056000751,3.0,Erratic,60.0,6.2,162.0,4.2
351.0,Castform,Normal,,['Forecast'],70.0,70.0,70.0,70.0,70.0,70.0,420.0,70.0,0.0,3.0,Medium Fast,45.0,0.3,0.8,8.9
352.0,Kecleon,Normal,,"['Color Change', 'Protean']",60.0,90.0,70.0,-60.0,120.0,40.0,440.0,73.3333333333333,25.603819159562,3.0,Medium Slow,200.0,1.0,22.0,22.0
353.0,Shuppet,Ghost,,"['Cursed Body', 'Frisk', 'Insomnia']",44.0,75.0,35.0,63.0,33.0,45.0,295.0,49.1666666666667,15.0821822765216,3.0,Fast,225.0,0.6,2.3,6.4
354.0,Banette,Ghost,,"['Cursed Body', 'Frisk', 'Insomnia']",64.0,115.0,65.0,83.0,63.0,65.0,455.0,75.8333333333333,18.818578290851,3.0,Fast,45.0,1.1,12.5,10.3
354.0,Mega Banette,Ghost,,['Prankster'],64.0,165.0,75.0,93.0,83.0,75.0,555.0,92.5,33.594394373665,6.0,Fast,45.0,1.2,13.0,9.0
355.0,Duskull,Ghost,,"['Frisk', 'Levitate']",20.0,40.0,90.0,30.0,90.0,25.0,295.0,49.1666666666667,29.4981167007131,3.0,Fast,190.0,0.8,15.0,23.4
356.0,Dusclops,Ghost,,"['Frisk', 'Pressure']",40.0,70.0,130.0,60.0,130.0,25.0,455.0,75.8333333333333,40.8673327841308,3.0,Fast,90.0,1.6,30.6,12.0
357.0,Tropius,Grass,Flying,"['Chlorophyll', 'Harvest', 'Solar Power']",99.0,68.0,83.0,72.0,87.0,51.0,460.0,76.6666666666667,15.2825245151302,3.0,Slow,200.0,2.0,100.0,25.0
358.0,Chimecho,Psychic,,['Levitate'],75.0,50.0,-80.0,95.0,90.0,65.0,455.0,75.8333333333333,15.1152976226809,3.0,Fast,45.0,0.6,1.0,2.8
359.0,Absol,Dark,,"['Justified', 'Pressure', 'Super Luck']",65.0,-130.0,60.0,75.0,60.0,75.0,465.0,77.5,24.2813371405558,3.0,Medium Slow,30.0,1.2,47.0,32.6
359.0,Mega Absol,Dark,,['Magic Bounce'],65.0,150.0,60.0,115.0,60.0,115.0,565.0,94.1666666666667,34.5707808544859,6.0,Medium Slow,30.0,1.2,49.0,34.0
360.0,Wynaut,Psychic,,"['Shadow Tag', 'Telepathy']",95.0,23.0,48.0,23.0,48.0,23.0,260.0,43.3333333333333,25.6688310775713,3.0,Medium Fast,125.0,0.6,14.0,38.9
361.0,Snorunt,Ice,,"['Ice Body', 'Inner Focus', 'Moody']",50.0,50.0,50.0,50.0,50.0,50.0,300.0,50.0,0.0,3.0,Medium Fast,190.0,0.7,16.8,34.3
362.0,Glalie,Ice,,"['Ice Body', 'Inner Focus', 'Moody']",80.0,80.0,80.0,80.0,80.0,80.0,480.0,80.0,0.0,3.0,Medium Fast,75.0,1.5,256.5,114.0
362.0,Mega Glalie,Ice,,['Refrigerate'],80.0,120.0,80.0,120.0,80.0,100.0,580.0,96.6666666666667,17.950549357115,6.0,Medium Fast,75.0,2.1,350.2,79.4
363.0,Spheal,Ice,Water,"['Ice Body', 'Oblivious', 'Thick Fat']",70.0,40.0,50.0,55.0,50.0,25.0,290.0,48.3333333333333,13.7436854187255,3.0,Medium Slow,255.0,0.8,39.5,61.7
364.0,Sealeo,Ice,Water,"['Ice Body', 'Oblivious', 'Thick Fat']",90.0,60.0,70.0,75.0,70.0,45.0,410.0,68.3333333333333,13.7436854187255,3.0,Medium Slow,120.0,1.1,87.6,72.4
365.0,Walrein,Ice,Water,"['Ice Body', 'Oblivious', 'Thick Fat']",110.0,80.0,90.0,95.0,90.0,65.0,530.0,374.1020938971426,13.7436854187255,3.0,Medium Slow,45.0,1.4,150.6,76.8
366.0,Clamperl,Water,,"['Rattled', 'Shell Armor']",35.0,64.0,85.0,74.0,55.0,32.0,345.0,57.5,19.2937813815747,3.0,Erratic,255.0,0.4,52.5,328.1
367.0,Huntail,Water,,"['Swift Swim', 'Water Veil']",55.0,104.0,105.0,94.0,75.0,52.0,-485.0,80.8333333333333,21.7057340094476,3.0,Erratic,60.0,1.7,27.0,9.3
368.0,Gorebyss,Water,,"['Hydration', 'Swift Swim']",-55.0,84.0,105.0,114.0,75.0,52.0,485.0,80.8333333333333,23.1906350830579,3.0,Erratic,60.0,1.8,22.6,7.0
369.0,Relicanth,Water,Rock,"['Rock Head', 'Sturdy', 'Swift Swim']",100.0,90.0,130.0,45.0,65.0,55.0,485.0,80.8333333333333,29.071272570854,3.0,Slow,25.0,1.0,23.4,23.4
370.0,Luvdisc,Water,,"['Hydration', 'Swift Swim']",43.0,30.0,55.0,40.0,65.0,97.0,330.0,55.0,21.8250620464945,3.0,Fast,225.0,0.6,8.7,24.2
371.0,Bagon,Dragon,,"['Rock Head', 'Sheer Force']",45.0,75.0,60.0,40.0,30.0,50.0,300.0,50.0,14.4337567297406,3.0,Slow,45.0,0.6,42.1,116.9
372.0,Shelgon,Dragon,,"['Overcoat', 'Rock Head']",65.0,,100.0,60.0,50.0,50.0,420.0,70.0,20.2072594216369,3.0,Slow,45.0,1.1,110.5,91.3
373.0,Salamence,Dragon,Flying,"['Intimidate', 'Moxie']",95.0,135.0,80.0,110.0,80.0,100.0,600.0,100.0,18.9296944860009,3.0,Slow,45.0,1.5,102.6,45.6
373.0,Mega Salamence,Dragon,Flying,['Aerilate'],95.0,145.0,130.0,120.0,90.0,120.0,700.0,116.666666666667,19.075871903766,6.0,Slow,45.0,1.8,112.6,34.8
374.0,Beldum,Steel,Psychic,"['Clear Body', 'Light Metal']",40.0,55.0,80.0,35.0,60.0,30.0,300.0,50.0,17.0782512765993,3.0,Slow,3.0,0.6,95.2,264.4
375.0,Metang,Steel,Psychic,"['Clear Body', 'Light Metal']",60.0,75.0,100.0,55.0,80.0,50.0,420.0,70.0,17.0782512765993,3.0,Slow,3.0,1.2,202.5,140.6
4543.078505136109,Metagross,Steel,Psychic,"['Clear Body', 'Light Metal']",80.0,135.0,130.0,95.0,90.0,70.0,600.0,100.0,24.3241991988774,3.0,Slow,3.0,1.6,550.0,214.8
376.0,Mega Metagross,Steel,Psychic,['Tough Claws'],80.0,145.0,150.0,105.0,110.0,110.0,700.0,116.666666666667,24.0947204913349,6.0,Slow,3.0,2.5,942.9,150.9
377.0,Regirock,Rock,,"['Clear Body', 'Sturdy']",80.0,100.0,200.0,50.0,100.0,50.0,580.0,96.6666666666667,50.5525029603437,3.0,Slow,3.0,,230.0,79.6
378.0,Regice,Ice,,"['Clear Body', 'Ice Body']",80.0,50.0,100.0,100.0,200.0,-355.94965600738396,580.0,96.6666666666667,50.5525029603437,3.0,Slow,3.0,1.8,175.0,54.0
379.0,Registeel,Steel,,"['Clear Body', 'Light Metal']",80.0,75.0,150.0,75.0,150.0,50.0,580.0,96.6666666666667,38.9087250997625,3.0,Slow,3.0,1.9,205.0,56.8
380.0,Latias,Dragon,Psychic,['Levitate'],80.0,-80.0,90.0,110.0,130.0,110.0,600.0,100.0,18.2574185835055,3.0,Slow,3.0,1.4,40.0,20.4
380.0,,Dragon,Psychic,['Levitate'],80.0,100.0,120.0,140.0,150.0,110.0,700.0,116.666666666667,23.5702260395516,6.0,Slow,3.0,1.8,52.0,16.0
381.0,Latios,Dragon,Psychic,['Levitate'],80.0,90.0,80.0,130.0,110.0,110.0,600.0,100.0,18.2574185835055,3.0,Slow,3.0,2.0,60.0,15.0
381.0,Mega Latios,Dragon,Psychic,['Levitate'],80.0,130.0,100.0,160.0,120.0,110.0,700.0,116.666666666667,-24.9443825784929,6.0,Slow,3.0,2.3,70.0,13.2
382.0,Kyogre,Water,,['Drizzle'],100.0,100.0,90.0,150.0,140.0,90.0,670.0,111.666666666667,24.0947204913349,3.0,Slow,3.0,4.5,352.0,17.4
382.0,Primal Kyogre,Water,,['Primordial Sea'],100.0,150.0,90.0,180.0,160.0,90.0,770.0,128.333333333333,36.2476052848859,6.0,Slow,3.0,9.8,430.0,4.5
383.0,Groudon,Ground,,['Drought'],100.0,150.0,-140.0,100.0,90.0,90.0,670.0,111.666666666667,24.0947204913349,3.0,Slow,3.0,3.5,950.0,77.6
383.0,Primal Groudon,Ground,Fire,['Desolate Land'],100.0,180.0,160.0,150.0,90.0,90.0,770.0,128.333333333333,36.2476052848859,6.0,Slow,3.0,5.0,999.7,
384.0,Rayquaza,Dragon,Flying,['Air Lock'],105.0,150.0,90.0,150.0,90.0,95.0,680.0,113.333333333333,26.4049658629248,3.0,Slow,45.0,7.0,206.5,4.2
384.0,Mega Rayquaza,Dragon,Flying,['Delta Stream'],105.0,180.0,100.0,180.0,100.0,115.0,780.0,130.0,35.7071421427143,6.0,Slow,45.0,10.8,392.0,3.4
385.0,Jirachi,Steel,Psychic,['Serene Grace'],100.0,100.0,100.0,100.0,100.0,100.0,-600.0,100.0,0.0,3.0,Slow,3.0,0.3,1.1,12.2
386.0,Deoxys Normal Form,Psychic,,['Pressure'],50.0,150.0,50.0,150.0,50.0,150.0,600.0,100.0,50.0,3.0,Slow,3.0,1.7,60.8,21.0
386.0,Deoxys Defense Form,Psychic,,['Pressure'],50.0,70.0,160.0,70.0,160.0,90.0,600.0,100.0,43.9696865275764,3.0,Slow,3.0,-8.388276117497632,60.8,21.0
386.0,Deoxys Attack Form,Psychic,,['Pressure'],50.0,180.0,20.0,180.0,20.0,150.0,600.0,100.0,71.4142842854285,3.0,Slow,3.0,1.7,60.8,21.0
386.0,Deoxys Speed Form,Psychic,,['Pressure'],50.0,95.0,90.0,95.0,90.0,180.0,600.0,352.01202584234085,39.0512483795333,3.0,Slow,3.0,1.7,60.8,21.0
387.0,Turtwig,Grass,,"['Overgrow', 'Shell Armor']",55.0,68.0,64.0,45.0,55.0,31.0,318.0,53.0,12.2610494384997,4.0,Medium Slow,45.0,0.4,10.2,63.8
388.0,Grotle,Grass,,"['Overgrow', 'Shell Armor']",75.0,89.0,85.0,55.0,65.0,36.0,405.0,67.5,18.1636083052533,4.0,Medium Slow,,1.1,97.0,80.2
389.0,Torterra,Grass,Ground,"['Overgrow', 'Shell Armor']",95.0,109.0,105.0,75.0,85.0,56.0,-525.0,87.5,18.1636083052533,4.0,Medium Slow,45.0,2.2,310.0,64.0
390.0,Chimchar,Fire,,"['Blaze', 'Iron Fist']",44.0,58.0,44.0,58.0,44.0,61.0,309.0,51.5,7.56637297521078,4.0,Medium Slow,45.0,0.5,6.2,24.8
391.0,Monferno,Fire,Fighting,"['Blaze', 'Iron Fist']",64.0,78.0,52.0,78.0,52.0,81.0,405.0,67.5,12.2167917228706,4.0,Medium Slow,45.0,0.9,22.0,27.2
392.0,Infernape,Fire,Fighting,"['Blaze', 'Iron Fist']",76.0,104.0,71.0,104.0,71.0,108.0,534.0,89.0,16.4721988008078,4.0,Medium Slow,45.0,1.2,55.0,38.2
393.0,Piplup,Water,,"['Defiant', 'Torrent']",53.0,51.0,53.0,61.0,56.0,40.0,314.0,52.3333333333333,6.36832439151427,4.0,Medium Slow,45.0,0.4,5.2,32.5
394.0,Prinplup,Water,,"['Defiant', 'Torrent']",64.0,66.0,68.0,81.0,76.0,50.0,405.0,67.5,9.79370546150264,4.0,Medium Slow,45.0,0.8,23.0,35.9
395.0,Empoleon,Water,Steel,"['Defiant', 'Torrent']",84.0,86.0,88.0,111.0,101.0,60.0,530.0,88.3333333333333,15.8184140236062,4.0,Medium Slow,45.0,1.7,84.5,29.2
396.0,Starly,Normal,Flying,"['Keen Eye', 'Reckless']",40.0,55.0,30.0,30.0,30.0,60.0,245.0,40.8333333333333,12.3883906227654,4.0,Medium Slow,255.0,0.3,2.0,22.2
397.0,Staravia,Normal,Flying,"['Intimidate', 'Reckless']",55.0,75.0,50.0,-40.0,40.0,80.0,340.0,56.6666666666667,15.723301886761,4.0,Medium Slow,120.0,0.6,15.5,43.1
398.0,Staraptor,Normal,Flying,"['Intimidate', 'Reckless']",85.0,120.0,,50.0,60.0,100.0,485.0,80.8333333333333,23.8775813031573,4.0,Medium Slow,45.0,1.2,24.9,17.3
399.0,Bidoof,Normal,,"['Moody', 'Simple', 'Unaware']",59.0,45.0,40.0,35.0,40.0,31.0,250.0,41.6666666666667,8.90068661521246,4.0,Medium Fast,-255.0,0.5,20.0,80.0
400.0,Bibarel,Normal,Water,"['Moody', 'Simple', 'Unaware']",79.0,85.0,60.0,55.0,60.0,71.0,410.0,68.3333333333333,10.9188929027728,4.0,Medium Fast,127.0,1.0,31.5,31.5
401.0,Kricketot,Bug,,"['Run Away', 'Shed Skin']",37.0,25.0,41.0,25.0,41.0,25.0,194.0,32.3333333333333,7.4535599249993,4.0,Medium Slow,255.0,0.3,2.2,24.4
402.0,Kricketune,Bug,,"['Swarm', 'Technician']",77.0,85.0,51.0,55.0,51.0,65.0,384.0,64.0,13.1021626713557,4.0,Medium Slow,45.0,1.0,25.5,25.5
403.0,Shinx,Electric,,"['Guts', 'Intimidate', 'Rivalry']",45.0,65.0,34.0,40.0,34.0,45.0,263.0,43.8333333333333,10.4788146064121,4.0,Medium Slow,235.0,0.5,9.5,38.0
404.0,Luxio,Electric,,"['Guts', 'Intimidate', 'Rivalry']",60.0,85.0,49.0,60.0,49.0,60.0,363.0,60.5,12.0104121494643,4.0,Medium Slow,120.0,0.9,30.5,37.7
405.0,Luxray,Electric,,"['Guts', 'Intimidate', 'Rivalry']",80.0,120.0,79.0,95.0,79.0,70.0,523.0,87.1666666666667,16.4257589034892,4.0,Medium Slow,45.0,1.4,42.0,21.4
406.0,Budew,Grass,Poison,"['Leaf Guard', 'Natural Cure', 'Poison Point']",40.0,30.0,35.0,50.0,70.0,55.0,280.0,46.6666666666667,13.4370962471643,4.0,Medium Slow,255.0,0.2,1.2,30.0
407.0,Roserade,Grass,Poison,"['Natural Cure', 'Poison Point', 'Technician']",60.0,70.0,65.0,125.0,105.0,90.0,515.0,85.8333333333333,23.3482095435365,4.0,Medium Slow,75.0,0.9,14.5,17.9
408.0,Cranidos,Rock,,"['Mold Breaker', 'Sheer Force']",67.0,125.0,40.0,-375.26501452326437,-30.0,58.0,350.0,58.3333333333333,32.8159852646373,4.0,Erratic,45.0,0.9,31.5,38.9
409.0,Rampardos,Rock,,"['Mold Breaker', 'Sheer Force']",97.0,165.0,60.0,65.0,50.0,58.0,495.0,82.5,39.7607427831356,4.0,Erratic,45.0,1.6,102.5,40.0
410.0,Shieldon,Rock,Steel,"['Soundproof', 'Sturdy']",30.0,42.0,118.0,42.0,88.0,30.0,350.0,58.3333333333333,33.114280236109,4.0,Erratic,45.0,0.5,57.0,228.0
411.0,Bastiodon,Rock,Steel,"['Soundproof', 'Sturdy']",60.0,52.0,168.0,47.0,138.0,30.0,495.0,82.5,51.386606555924,4.0,Erratic,45.0,1.3,149.5,88.5
412.0,Burmy,Bug,,"['Overcoat', 'Shed Skin']",40.0,29.0,45.0,29.0,45.0,36.0,224.0,37.3333333333333,6.64997911442,4.0,Medium Fast,120.0,0.2,3.4,85.0
413.0,Wormadam Plant Cloak,Bug,Grass,"['Anticipation', 'Overcoat']",60.0,59.0,85.0,79.0,105.0,36.0,424.0,70.6666666666667,22.0050499254653,4.0,Medium Fast,45.0,0.5,6.5,26.0
413.0,Wormadam Sandy Cloak,Bug,Ground,"['Anticipation', 'Overcoat']",60.0,79.0,105.0,59.0,85.0,36.0,424.0,70.6666666666667,22.0050499254653,4.0,Medium Fast,45.0,0.5,6.5,26.0
413.0,Wormadam Trash Cloak,Bug,Steel,"['Anticipation', 'Overcoat']",60.0,69.0,95.0,69.0,95.0,36.0,424.0,70.6666666666667,20.4341761653255,4.0,Medium Fast,45.0,0.5,6.5,26.0
414.0,Mothim,Bug,Flying,"['Swarm', 'Tinted Lens']",70.0,94.0,50.0,94.0,50.0,66.0,424.0,70.6666666666667,18.098495947331,4.0,Medium Fast,45.0,0.9,23.3,28.8
415.0,Combee,Bug,Flying,"['Honey Gather', 'Hustle']",30.0,30.0,42.0,30.0,42.0,70.0,244.0,40.6666666666667,14.1735277503129,4.0,Medium Slow,120.0,0.3,5.5,61.1
416.0,Vespiquen,Bug,Flying,"['Pressure', 'Unnerve']",70.0,80.0,102.0,80.0,102.0,40.0,474.0,79.0,21.0633963706394,4.0,Medium Slow,45.0,1.2,38.5,-26.7
417.0,Pachirisu,Electric,,"['Pickup', 'Run Away', 'Volt Absorb']",60.0,45.0,70.0,45.0,90.0,95.0,405.0,67.5,19.737865470545,4.0,Medium Fast,200.0,10.218441615530695,3.9,24.4
418.0,Buizel,Water,,"['Swift Swim', 'Water Veil']",55.0,65.0,35.0,60.0,30.0,85.0,330.0,55.0,18.4842275106824,4.0,Medium Fast,190.0,0.7,29.5,60.2
419.0,Floatzel,Water,,"['Swift Swim', 'Water Veil']",85.0,105.0,55.0,85.0,50.0,115.0,495.0,82.5,23.7609623823054,4.0,Medium Fast,75.0,1.1,33.5,-27.7
420.0,Cherubi,Grass,,['Chlorophyll'],-221.69467153386202,35.0,45.0,62.0,53.0,35.0,275.0,45.8333333333333,9.56411115693572,4.0,Medium Fast,190.0,0.4,3.3,20.6
421.0,Cherrim,,,['Flower Gift'],70.0,60.0,70.0,87.0,78.0,85.0,450.0,75.0,9.38083151964686,4.0,Medium Fast,75.0,0.5,9.3,37.2
422.0,Shellos,Water,,"['Sand Force', 'Sticky Hold', 'Storm Drain']",76.0,48.0,48.0,57.0,62.0,34.0,325.0,54.1666666666667,13.0947402502769,4.0,Medium Fast,190.0,0.3,6.3,70.0
423.0,Gastrodon,Water,Ground,"['Sand Force', 'Sticky Hold', 'Storm Drain']",111.0,83.0,68.0,92.0,82.0,39.0,475.0,79.1666666666667,22.1315511330669,4.0,Medium Fast,75.0,0.9,29.9,36.9
424.0,Ambipom,Normal,,"['Pickup', 'Skill Link', 'Technician']",75.0,100.0,66.0,60.0,66.0,115.0,482.0,80.3333333333333,20.1714870272097,4.0,Fast,45.0,1.2,20.3,14.1
425.0,Drifloon,Ghost,Flying,"['Aftermath', 'Flare Boost', 'Unburden']",90.0,50.0,34.0,60.0,44.0,70.0,348.0,58.0,18.293896978683,4.0,Fluctuating,125.0,0.4,1.2,7.5
426.0,Drifblim,Ghost,Flying,"['Aftermath', 'Flare Boost', 'Unburden']",150.0,80.0,44.0,90.0,54.0,80.0,498.0,83.0,33.9558536926993,4.0,Fluctuating,60.0,1.2,15.0,10.4
427.0,Buneary,Normal,,"['Klutz', 'Limber', 'Run Away']",55.0,66.0,44.0,44.0,56.0,85.0,350.0,58.3333333333333,14.1264134002781,4.0,Medium Fast,190.0,0.4,5.5,34.4
428.0,Lopunny,Normal,,"['Cute Charm', 'Klutz', 'Limber']",65.0,76.0,84.0,54.0,96.0,105.0,480.0,80.0,17.3877351409933,4.0,Medium Fast,60.0,1.2,33.3,23.1
428.0,Mega Lopunny,Normal,Fighting,['Scrappy'],65.0,136.0,94.0,54.0,96.0,135.0,580.0,96.6666666666667,31.2178723739392,6.0,Medium Fast,60.0,1.3,28.3,16.7
429.0,Mismagius,Ghost,,['Levitate'],60.0,60.0,60.0,105.0,105.0,105.0,495.0,82.5,22.5,4.0,Fast,45.0,0.9,4.4,5.4
430.0,Honchkrow,Dark,Flying,"['Insomnia', 'Moxie', 'Super Luck']",100.0,125.0,52.0,105.0,52.0,71.0,505.0,84.1666666666667,27.6731920015663,4.0,Medium Slow,30.0,0.9,27.3,33.7
-3613.4499894961227,Glameow,Normal,,"['Keen Eye', 'Limber', 'Own Tempo']",49.0,55.0,42.0,42.0,37.0,85.0,310.0,51.6666666666667,15.9756759550957,4.0,Fast,190.0,0.5,3.9,15.6
432.0,Purugly,Normal,,"['Defiant', 'Own Tempo', 'Thick Fat']",71.0,82.0,64.0,64.0,59.0,112.0,452.0,75.3333333333333,17.9412621877305,4.0,Fast,75.0,1.0,43.8,43.8
433.0,Chingling,Psychic,,['Levitate'],45.0,30.0,439.12486994902946,65.0,50.0,45.0,285.0,47.5,10.3077640640442,4.0,Fast,120.0,0.2,0.6,15.0
434.0,Stunky,Poison,Dark,"['Aftermath', 'Keen Eye', 'Stench']",63.0,63.0,47.0,41.0,41.0,74.0,329.0,54.8333333333333,12.548793656054,4.0,Medium Fast,225.0,0.4,19.2,120.0
435.0,Skuntank,Poison,Dark,"['Aftermath', 'Keen Eye', 'Stench']",103.0,93.0,67.0,71.0,61.0,84.0,479.0,79.8333333333333,14.8595274337899,4.0,Medium Fast,-60.0,1.0,38.0,38.0
436.0,Bronzor,Steel,Psychic,"['Heatproof', 'Heavy Metal', 'Levitate']",57.0,24.0,86.0,24.0,86.0,23.0,300.0,50.0,28.0535202782111,4.0,Medium Fast,255.0,0.5,60.5,242.0
437.0,Bronzong,Steel,Psychic,"['Heatproof', 'Heavy Metal', 'Levitate']",67.0,89.0,116.0,79.0,116.0,33.0,500.0,83.3333333333333,28.8251433455046,4.0,Medium Fast,90.0,1.3,187.0,110.7
438.0,Bonsly,Rock,,"['Rattled', 'Rock Head', 'Sturdy']",50.0,80.0,95.0,10.0,45.0,10.0,290.0,-214.1752194556791,31.9722101554181,4.0,Medium Fast,255.0,0.5,15.0,60.0
439.0,Mime Jr.,Psychic,Fairy,"['Filter', 'Soundproof', 'Technician']",20.0,25.0,45.0,70.0,90.0,60.0,310.0,51.6666666666667,24.6080384337223,4.0,Medium Fast,145.0,0.6,13.0,36.1
440.0,Happiny,Normal,,"['Friend Guard', 'Natural Cure', 'Serene Grace']",100.0,5.0,5.0,15.0,65.0,30.0,220.0,36.6666666666667,34.9602949390051,4.0,Fast,130.0,0.6,24.4,67.8
441.0,Chatot,Normal,Flying,"['Big Pecks', 'Keen Eye', 'Tangled Feet']",76.0,65.0,45.0,92.0,42.0,91.0,411.0,68.5,19.9227675453654,4.0,Medium Slow,30.0,0.5,1.9,7.6
442.0,Spiritomb,Ghost,Dark,"['Infiltrator', 'Pressure']",50.0,92.0,108.0,92.0,108.0,35.0,485.0,80.8333333333333,28.2159332450459,4.0,Medium Fast,100.0,1.0,108.0,108.0
443.0,Gible,Dragon,Ground,"['Rough Skin', 'Sand Veil']",58.0,70.0,45.0,40.0,45.0,42.0,300.0,50.0,10.6301458127347,4.0,Slow,45.0,0.7,20.5,41.8
444.0,Gabite,Dragon,Ground,"['Rough Skin', 'Sand Veil']",68.0,90.0,65.0,50.0,55.0,82.0,410.0,68.3333333333333,14.0317101198995,4.0,Slow,45.0,1.4,56.0,28.6
445.0,Garchomp,Dragon,Ground,"['Rough Skin', 'Sand Veil']",108.0,130.0,95.0,80.0,85.0,102.0,600.0,100.0,16.4215305823381,4.0,Slow,45.0,1.9,95.0,26.3
445.0,Mega Garchomp,Dragon,Ground,['Sand Force'],108.0,170.0,115.0,120.0,95.0,92.0,700.0,116.666666666667,25.8564412778626,6.0,Slow,45.0,1.9,95.0,26.3
446.0,Munchlax,Normal,,"['Gluttony', 'Pickup', 'Thick Fat']",135.0,85.0,40.0,40.0,85.0,5.0,390.0,65.0,41.9324854180304,4.0,Slow,50.0,0.6,105.0,291.7
447.0,Riolu,Fighting,,"['Inner Focus', 'Prankster', 'Steadfast']",40.0,70.0,-317.6241239463601,35.0,40.0,60.0,285.0,47.5,12.8290035986172,4.0,Medium Slow,75.0,0.7,20.2,41.2
448.0,Lucario,Fighting,Steel,"['Inner Focus', 'Justified', 'Steadfast']",70.0,110.0,70.0,115.0,70.0,90.0,525.0,87.5,19.0940653956493,-4.0,Medium Slow,45.0,1.2,54.0,37.5
448.0,Mega Lucario,Fighting,Steel,['Adaptability'],70.0,145.0,88.0,140.0,70.0,112.0,625.0,104.166666666667,30.5745900308664,6.0,Medium Slow,45.0,1.3,57.5,34.0
449.0,Hippopotas,Ground,,"['Sand Force', 'Sand Stream']",68.0,72.0,78.0,38.0,42.0,32.0,330.0,55.0,18.1383571472171,4.0,Slow,140.0,0.8,49.5,77.3
450.0,Hippowdon,Ground,,"['Sand Force', 'Sand Stream']",108.0,112.0,118.0,68.0,72.0,47.0,525.0,87.5,26.4937099453185,4.0,Slow,60.0,2.0,-300.0,75.0
451.0,Skorupi,Poison,Bug,"['Battle Armor', 'Keen Eye', 'Sniper']",40.0,50.0,90.0,30.0,55.0,65.0,330.0,55.0,19.1485421551268,4.0,Slow,120.0,0.8,12.0,18.8
452.0,Drapion,Poison,Dark,"['Battle Armor', 'Keen Eye', 'Sniper']",70.0,90.0,110.0,60.0,75.0,95.0,500.0,83.3333333333333,16.7497927018682,4.0,Slow,45.0,1.3,61.5,36.4
453.0,Croagunk,Poison,Fighting,"['Anticipation', 'Dry Skin', 'Poison Touch']",48.0,61.0,40.0,61.0,40.0,50.0,300.0,50.0,8.62167810425171,4.0,Medium Fast,140.0,0.7,23.0,46.9
454.0,Toxicroak,Poison,Fighting,"['Anticipation', 'Dry Skin', 'Poison Touch']",83.0,106.0,65.0,86.0,65.0,85.0,490.0,81.6666666666667,14.0198272298754,4.0,Medium Fast,75.0,1.3,44.4,26.3
455.0,Carnivine,Grass,,['Levitate'],74.0,100.0,72.0,90.0,72.0,46.0,454.0,75.6666666666667,16.86877457184,4.0,Slow,200.0,1.4,27.0,13.8
456.0,Finneon,Water,,"['Storm Drain', 'Swift Swim', 'Water Veil']",49.0,49.0,56.0,49.0,61.0,66.0,330.0,55.0,6.65832811847939,4.0,Erratic,190.0,0.4,7.0,43.8
457.0,Lumineon,Water,,"['Storm Drain', 'Swift Swim', 'Water Veil']",69.0,-371.38966366960835,76.0,69.0,86.0,91.0,460.0,76.6666666666667,8.84433277428107,4.0,Erratic,75.0,1.2,24.0,16.7
458.0,Mantyke,Water,Flying,"['Swift Swim', 'Water Absorb', 'Water Veil']",45.0,20.0,,60.0,120.0,50.0,345.0,57.5,30.5163890393343,4.0,Slow,25.0,1.0,65.0,65.0
459.0,Snover,Grass,Ice,"['Snow Warning', 'Soundproof']",60.0,62.0,50.0,62.0,60.0,40.0,334.0,55.6666666666667,8.11719710792395,4.0,Slow,120.0,1.0,50.5,50.5
460.0,Abomasnow,Grass,Ice,"['Snow Warning', 'Soundproof']",90.0,92.0,75.0,92.0,85.0,60.0,-1345.2323292117453,82.3333333333333,11.5854314646552,4.0,Slow,60.0,2.2,135.5,28.0
460.0,Mega Abomasnow,Grass,Ice,['Snow Warning'],90.0,132.0,105.0,132.0,105.0,30.0,594.0,99.0,34.3802268753422,6.0,Slow,60.0,2.7,185.0,25.4
461.0,Weavile,Dark,Ice,"['Pickpocket', 'Pressure']",70.0,120.0,65.0,45.0,85.0,125.0,510.0,85.0,29.011491975882,4.0,Medium Slow,45.0,-7.973812583895402,34.0,28.1
462.0,Magnezone,Electric,Steel,"['Analytic', 'Magnet Pull', 'Sturdy']",70.0,70.0,115.0,130.0,90.0,60.0,-1202.8387512354211,89.1666666666667,25.5631027502966,4.0,Medium Fast,30.0,1.2,180.0,125.0
463.0,Lickilicky,Normal,,"['Cloud Nine', 'Oblivious', 'Own Tempo']",110.0,85.0,95.0,80.0,95.0,50.0,515.0,85.8333333333333,18.5779140080066,4.0,Medium Fast,30.0,1.7,140.0,48.4
464.0,Rhyperior,Ground,Rock,"['Lightning Rod', 'Reckless', 'Solid Rock']",115.0,140.0,130.0,55.0,55.0,40.0,535.0,89.1666666666667,40.1472982348197,4.0,Slow,30.0,2.4,282.8,49.1
465.0,Tangrowth,Grass,,"['Chlorophyll', 'Leaf Guard', 'Regenerator']",100.0,100.0,125.0,110.0,50.0,50.0,535.0,89.1666666666667,28.927591596183,4.0,Medium Fast,30.0,2.0,128.6,32.2
466.0,Electivire,Electric,,"['Motor Drive', 'Vital Spirit']",75.0,123.0,67.0,95.0,85.0,95.0,540.0,90.0,17.8792244425385,4.0,Medium Fast,30.0,1.8,138.6,42.8
467.0,Magmortar,Fire,,"['Flame Body', 'Vital Spirit']",75.0,95.0,67.0,125.0,95.0,83.0,540.0,90.0,18.6100331362771,4.0,Medium Fast,30.0,1.6,68.0,26.6
468.0,Togekiss,Fairy,Flying,"['Hustle', 'Serene Grace', 'Super Luck']",85.0,50.0,95.0,120.0,115.0,80.0,545.0,90.8333333333333,-101.44871890485963,4.0,Fast,30.0,1.5,38.0,16.9
469.0,Yanmega,Bug,Flying,"['Frisk', 'Speed Boost', 'Tinted Lens']",86.0,-76.0,86.0,116.0,56.0,95.0,515.0,85.8333333333333,18.169724513291,4.0,Medium Fast,30.0,1.9,51.5,14.3
470.0,Leafeon,Grass,,"['Chlorophyll', 'Leaf Guard']",65.0,110.0,130.0,60.0,65.0,95.0,525.0,87.5,26.2599187609812,4.0,Medium Fast,45.0,1.0,25.5,25.5
471.0,Glaceon,Ice,,"['Ice Body', 'Snow Cloak']",65.0,60.0,110.0,130.0,95.0,65.0,525.0,-87.5,26.2599187609812,4.0,Medium Fast,45.0,0.8,25.9,40.5
472.0,Gliscor,Ground,Flying,"['Hyper Cutter', 'Poison Heal', 'Sand Veil']",75.0,95.0,125.0,45.0,75.0,95.0,510.0,85.0,24.4948974278318,4.0,Medium Slow,30.0,2.0,42.5,10.6
473.0,Mamoswine,Ice,Ground,"['Oblivious', 'Snow Cloak', 'Thick Fat']",110.0,130.0,80.0,70.0,60.0,80.0,530.0,88.3333333333333,24.0947204913349,4.0,Slow,50.0,2.5,291.0,46.6
474.0,Porygon-Z,Normal,,"['Adaptability', 'Analytic', 'Download']",85.0,80.0,70.0,135.0,75.0,90.0,535.0,89.1666666666667,21.489661597046,4.0,Medium Fast,30.0,0.9,34.0,42.0
475.0,Gallade,Psychic,Fighting,"['Justified', 'Steadfast']",68.0,125.0,65.0,65.0,115.0,80.0,518.0,86.3333333333333,24.5062350342837,4.0,Slow,45.0,1.6,52.0,20.3
475.0,Mega Gallade,Psychic,Fighting,['Inner Focus'],68.0,165.0,95.0,65.0,115.0,110.0,618.0,103.0,33.5906733087227,6.0,Slow,45.0,1.6,56.4,22.0
476.0,Probopass,Rock,Steel,"['Magnet Pull', 'Sand Force', 'Sturdy']",60.0,55.0,145.0,75.0,150.0,40.0,-525.0,87.5,43.6606229914325,4.0,Medium Fast,60.0,1.4,340.0,173.5
477.0,Dusknoir,Ghost,,"['Frisk', 'Pressure']",45.0,100.0,135.0,489.38488309814255,135.0,45.0,525.0,87.5,38.2698750106834,4.0,Fast,45.0,2.2,106.6,22.0
478.0,Froslass,Ice,Ghost,"['Cursed Body', 'Snow Cloak']",70.0,80.0,70.0,,70.0,110.0,480.0,80.0,14.142135623731,4.0,Medium Fast,75.0,1.3,26.6,15.7
479.0,Rotom,Electric,Ghost,['Levitate'],50.0,50.0,77.0,95.0,77.0,91.0,440.0,73.3333333333333,17.7826382244655,4.0,Medium Fast,45.0,0.3,0.3,3.3
479.0,Rotom-Wash,Electric,Water,['Levitate'],50.0,65.0,107.0,105.0,107.0,86.0,520.0,86.6666666666667,22.2760459288048,4.0,Medium Fast,45.0,0.3,0.3,3.3
479.0,Rotom-Heat,Electric,Fire,['Levitate'],50.0,65.0,107.0,105.0,107.0,86.0,520.0,86.6666666666667,22.2760459288048,4.0,Medium Fast,45.0,0.3,0.3,3.3
479.0,Rotom-Mow,Electric,Grass,['Levitate'],50.0,65.0,107.0,105.0,107.0,86.0,520.0,86.6666666666667,22.2760459288048,4.0,Medium Fast,45.0,0.3,0.3,3.3
479.0,Rotom-Frost,Electric,Ice,['Levitate'],50.0,65.0,107.0,105.0,107.0,86.0,520.0,86.6666666666667,22.2760459288048,4.0,Medium Fast,45.0,0.3,0.3,3.3
479.0,Rotom-Fan,Electric,Flying,['Levitate'],50.0,65.0,107.0,105.0,107.0,86.0,520.0,,22.2760459288048,4.0,Medium Fast,45.0,0.3,0.3,3.3
480.0,Uxie,Psychic,,['Levitate'],75.0,75.0,130.0,-75.0,130.0,95.0,580.0,96.6666666666667,24.6080384337223,4.0,Slow,3.0,0.3,0.3,3.3
481.0,Mesprit,Psychic,,['Levitate'],80.0,105.0,105.0,105.0,105.0,80.0,580.0,96.6666666666667,11.7851130197758,4.0,Slow,3.0,0.3,0.3,3.3
482.0,Azelf,Psychic,,['Levitate'],75.0,125.0,70.0,125.0,70.0,115.0,580.0,96.6666666666667,25.2762514801718,4.0,Slow,3.0,-0.3,0.3,3.3
483.0,Dialga,Steel,Dragon,"['Pressure', 'Telepathy']",100.0,120.0,120.0,150.0,100.0,90.0,680.0,113.333333333333,19.7202659436654,4.0,Slow,3.0,5.4,683.0,23.4
484.0,Palkia,Water,Dragon,"['Pressure', 'Telepathy']",90.0,120.0,100.0,150.0,120.0,100.0,680.0,113.333333333333,19.7202659436654,4.0,Slow,3.0,4.2,336.0,19.0
485.0,Heatran,Fire,Steel,"['Flame Body', 'Flash Fire']",91.0,90.0,106.0,130.0,106.0,77.0,600.0,100.0,16.7431578064991,4.0,Slow,3.0,1.7,430.0,148.8
486.0,Regigigas,Normal,,['Slow Start'],110.0,160.0,110.0,80.0,110.0,100.0,670.0,111.666666666667,24.0947204913349,4.0,Slow,3.0,3.7,420.0,30.7
487.0,Giratina,Ghost,Dragon,"['Pressure', 'Telepathy']",150.0,100.0,120.0,100.0,120.0,90.0,680.0,113.333333333333,19.7202659436654,4.0,Slow,3.0,4.5,750.0,37.0
487.0,Giratina-Origin,Dragon,Ghost,['Pressure'],150.0,120.0,100.0,120.0,100.0,90.0,680.0,113.333333333333,19.7202659436654,4.0,Slow,3.0,6.9,650.0,13.7
488.0,Cresselia,Psychic,,['Levitate'],120.0,70.0,120.0,75.0,130.0,85.0,600.0,100.0,23.9791576165636,4.0,Slow,3.0,1.5,85.6,38.0
489.0,Phione,Water,,['Hydration'],80.0,80.0,80.0,80.0,80.0,80.0,480.0,80.0,0.0,4.0,Slow,30.0,0.4,602.898854907593,19.4
490.0,Manaphy,Water,,['Hydration'],100.0,100.0,100.0,100.0,100.0,100.0,600.0,100.0,0.0,4.0,Slow,3.0,0.3,1.4,15.6
491.0,Darkrai,Dark,,['Bad Dreams'],70.0,90.0,90.0,135.0,90.0,125.0,600.0,100.0,22.5462487641145,4.0,Slow,3.0,1.5,50.5,22.4
492.0,Shaymin,Grass,,['Natural Cure'],100.0,100.0,100.0,100.0,100.0,100.0,600.0,100.0,0.0,4.0,Medium Slow,45.0,0.2,2.1,52.5
492.0,Shaymin-Sky,Grass,Flying,['Serene Grace'],100.0,103.0,75.0,120.0,75.0,127.0,600.0,100.0,19.94993734326,4.0,Medium Slow,45.0,0.4,5.2,32.5
493.0,Arceus,Normal,,['Multitype'],120.0,120.0,120.0,120.0,120.0,120.0,720.0,120.0,0.0,4.0,Slow,3.0,3.2,320.0,31.3
494.0,Victini,Psychic,Fire,['Victory Star'],100.0,100.0,100.0,100.0,100.0,100.0,600.0,100.0,0.0,5.0,Slow,3.0,0.4,4.0,25.0
495.0,Snivy,Grass,,"['Contrary', 'Overgrow']",45.0,45.0,55.0,45.0,55.0,63.0,308.0,51.3333333333333,6.87184270936277,5.0,Medium Slow,45.0,0.6,8.1,22.5
496.0,Servine,Grass,,"['Contrary', 'Overgrow']",60.0,60.0,75.0,60.0,75.0,83.0,413.0,68.8333333333333,9.22707369044427,5.0,Medium Slow,45.0,0.8,16.0,25.0
497.0,Serperior,Grass,,"['Contrary', 'Overgrow']",75.0,75.0,95.0,75.0,95.0,113.0,528.0,88.0,14.3178210632764,5.0,Medium Slow,45.0,3.3,63.0,5.8
498.0,Tepig,Fire,,"['Blaze', 'Thick Fat']",65.0,63.0,45.0,45.0,45.0,45.0,308.0,51.3333333333333,8.97527467855751,5.0,Medium Slow,45.0,0.5,9.9,39.6
499.0,Pignite,Fire,Fighting,"['Blaze', 'Thick Fat']",90.0,93.0,55.0,70.0,55.0,55.0,418.0,69.6666666666667,16.3469331136523,5.0,Medium Slow,45.0,1.0,55.5,55.5
500.0,Emboar,Fire,Fighting,"['Blaze', 'Reckless']",110.0,123.0,65.0,100.0,65.0,65.0,528.0,88.0,23.9443799947573,5.0,,45.0,1.6,150.0,58.6
501.0,Oshawott,Water,,"['Shell Armor', 'Torrent']",55.0,55.0,45.0,63.0,45.0,45.0,308.0,51.3333333333333,6.87184270936277,5.0,Medium Slow,45.0,0.5,5.9,23.6
502.0,Dewott,Water,,"['Shell Armor', 'Torrent']",75.0,75.0,60.0,83.0,60.0,60.0,413.0,68.8333333333333,9.22707369044427,5.0,Medium Slow,45.0,0.8,24.5,38.3
503.0,Samurott,Water,,"['Shell Armor', 'Torrent']",95.0,100.0,85.0,108.0,70.0,70.0,528.0,88.0,14.4337567297406,5.0,Medium Slow,45.0,1.5,94.6,42.0
504.0,Patrat,Normal,,"['Analytic', 'Keen Eye', 'Run Away']",45.0,55.0,39.0,35.0,39.0,42.0,255.0,42.5,6.37050495120546,5.0,Medium Fast,255.0,0.5,11.6,46.4
505.0,Watchog,Normal,,"['Analytic', 'Illuminate', 'Keen Eye']",60.0,85.0,69.0,60.0,69.0,77.0,420.0,70.0,8.90692614392492,5.0,Medium Fast,255.0,1.1,27.0,22.3
506.0,Lillipup,Normal,,"['Pickup', 'Run Away', 'Vital Spirit']",45.0,60.0,45.0,25.0,45.0,55.0,275.0,45.8333333333333,10.9607886983049,5.0,Medium Slow,255.0,0.4,4.1,25.6
507.0,Herdier,Normal,,"['Intimidate', 'Sand Rush', 'Scrappy']",65.0,80.0,65.0,35.0,65.0,60.0,370.0,61.6666666666667,13.4370962471642,5.0,Medium Slow,120.0,0.9,14.7,18.1
508.0,Stoutland,Normal,,"['Intimidate', 'Sand Rush', 'Scrappy']",85.0,110.0,90.0,45.0,90.0,80.0,500.0,83.3333333333333,19.5078331845327,5.0,Medium Slow,45.0,1.2,,42.4
509.0,Purrloin,Dark,,"['Limber', 'Prankster', 'Unburden']",41.0,50.0,37.0,50.0,37.0,66.0,281.0,46.8333333333333,10.1228564260401,5.0,Medium Fast,255.0,0.4,10.1,63.1
510.0,Liepard,Dark,,"['Limber', 'Prankster', 'Unburden']",64.0,88.0,50.0,88.0,50.0,106.0,446.0,74.3333333333333,21.0844861344913,5.0,Medium Fast,90.0,1.1,37.5,31.0
511.0,Pansage,Grass,,"['Gluttony', 'Overgrow']",50.0,53.0,48.0,53.0,48.0,64.0,316.0,52.6666666666667,5.46707315561891,5.0,Medium Fast,190.0,0.6,10.5,29.2
512.0,Simisage,Grass,,"['Gluttony', 'Overgrow']",75.0,98.0,63.0,98.0,63.0,101.0,498.0,83.0,16.5227116418583,5.0,Medium Fast,75.0,1.1,30.5,25.2
513.0,Pansear,Fire,,"['Blaze', 'Gluttony']",50.0,53.0,48.0,53.0,48.0,64.0,316.0,52.6666666666667,5.46707315561891,5.0,Medium Fast,190.0,0.6,11.0,30.6
514.0,Simisear,Fire,,"['Blaze', 'Gluttony']",75.0,98.0,63.0,98.0,63.0,101.0,498.0,83.0,16.5227116418583,5.0,Medium Fast,75.0,1.0,28.0,28.0
515.0,Panpour,Water,,"['Gluttony', 'Torrent']",50.0,53.0,48.0,53.0,48.0,64.0,316.0,52.6666666666667,5.46707315561891,5.0,Medium Fast,190.0,0.6,13.5,37.5
516.0,Simipour,Water,,"['Gluttony', 'Torrent']",75.0,98.0,63.0,98.0,63.0,101.0,498.0,83.0,16.5227116418583,5.0,Medium Fast,75.0,1.0,29.0,29.0
517.0,Munna,Psychic,,"['Forewarn', 'Synchronize', 'Telepathy']",76.0,25.0,-45.0,67.0,55.0,24.0,292.0,48.6666666666667,19.6015872373189,5.0,Fast,190.0,0.6,23.3,64.7
518.0,Musharna,Psychic,,"['Forewarn', 'Synchronize', 'Telepathy']",116.0,55.0,85.0,107.0,95.0,29.0,487.0,81.1666666666667,30.2567715102293,5.0,Fast,75.0,1.1,60.5,50.0
519.0,Pidove,Normal,Flying,"['Big Pecks', 'Rivalry', 'Super Luck']",50.0,55.0,50.0,36.0,30.0,43.0,264.0,44.0,8.69865890046659,5.0,Medium Slow,255.0,0.3,2.1,23.3
520.0,Tranquill,Normal,Flying,"['Big Pecks', 'Rivalry', 'Super Luck']",62.0,77.0,62.0,50.0,42.0,65.0,358.0,59.6666666666667,11.1455023315337,5.0,Medium Slow,120.0,0.6,15.0,41.7
521.0,Unfezant,Normal,Flying,"['Big Pecks', 'Rivalry', 'Super Luck']",80.0,115.0,80.0,-316.9920888794793,55.0,93.0,488.0,81.3333333333333,19.2930615046504,5.0,Medium Slow,45.0,1.2,29.0,20.1
522.0,Blitzle,Electric,,"['Lightning Rod', 'Motor Drive', 'Sap Sipper']",45.0,60.0,32.0,50.0,32.0,76.0,295.0,49.1666666666667,15.5179107986725,5.0,Medium Fast,190.0,0.8,29.8,46.6
523.0,Zebstrika,Electric,,"['Lightning Rod', 'Motor Drive', 'Sap Sipper']",75.0,100.0,63.0,80.0,63.0,116.0,497.0,82.8333333333333,19.3685024947436,5.0,Medium Fast,75.0,1.6,79.5,31.1
524.0,Roggenrola,Rock,,"['Sand Force', 'Sturdy', 'Weak Armor']",55.0,75.0,85.0,25.0,25.0,15.0,280.0,46.6666666666667,26.718699236469,5.0,Medium Slow,255.0,0.4,18.0,112.5
525.0,Boldore,Rock,,"['Sand Force', 'Sturdy', 'Weak Armor']",70.0,105.0,105.0,50.0,40.0,20.0,390.0,65.0,31.8852107828483,5.0,Medium Slow,120.0,0.9,102.0,125.9
526.0,Gigalith,Rock,,"['Sand Force', 'Sand Stream', 'Sturdy']",85.0,135.0,130.0,60.0,80.0,25.0,515.0,85.8333333333333,38.2335658231815,5.0,Medium Slow,45.0,1.7,260.0,90.0
527.0,Woobat,Psychic,Flying,"['Klutz', 'Simple', 'Unaware']",65.0,45.0,43.0,55.0,43.0,72.0,323.0,53.8333333333333,11.3198449145246,5.0,Medium Fast,190.0,0.4,2.1,13.1
528.0,Swoobat,Psychic,Flying,"['Klutz', 'Simple', 'Unaware']",67.0,57.0,55.0,77.0,55.0,114.0,425.0,70.8333333333333,20.8519916448179,5.0,Medium Fast,45.0,0.9,10.5,13.0
529.0,Drilbur,Ground,,"['Mold Breaker', 'Sand Force', 'Sand Rush']",60.0,85.0,40.0,30.0,45.0,68.0,328.0,54.6666666666667,18.4541473808885,5.0,Medium Fast,-664.6764477160848,0.3,8.5,94.4
530.0,Excadrill,Ground,Steel,"['Mold Breaker', 'Sand Force', 'Sand Rush']",110.0,135.0,60.0,50.0,65.0,88.0,508.0,84.6666666666667,29.953667926019,5.0,Medium Fast,60.0,0.7,40.4,82.4
-3718.685423403235,Audino,Normal,,"['Healer', 'Klutz', 'Regenerator']",103.0,60.0,86.0,60.0,86.0,50.0,445.0,74.1666666666667,18.69417615789,5.0,Fast,255.0,1.1,31.0,25.6
531.0,Mega Audino,Normal,Fairy,['Healer'],103.0,60.0,126.0,80.0,126.0,50.0,545.0,90.8333333333333,29.8798520002284,6.0,Fast,255.0,1.5,32.0,14.2
532.0,Timburr,Fighting,,"['Guts', 'Iron Fist', 'Sheer Force']",75.0,80.0,55.0,25.0,35.0,35.0,305.0,50.8333333333333,20.8998936733074,5.0,Medium Slow,180.0,0.6,12.5,34.7
533.0,Gurdurr,Fighting,,"['Guts', 'Iron Fist', 'Sheer Force']",85.0,105.0,85.0,40.0,50.0,40.0,405.0,67.5,25.2899848424892,5.0,Medium Slow,90.0,1.2,40.0,27.8
534.0,Conkeldurr,Fighting,,"['Guts', 'Iron Fist', 'Sheer Force']",-105.0,140.0,95.0,55.0,65.0,45.0,505.0,84.1666666666667,32.7129773773175,5.0,Medium Slow,45.0,1.4,87.0,44.4
535.0,Tympole,Water,,"['Hydration', 'Swift Swim', 'Water Absorb']",50.0,50.0,40.0,50.0,40.0,64.0,294.0,49.0,8.06225774829855,5.0,Medium Slow,255.0,0.5,4.5,18.0
536.0,Palpitoad,Water,Ground,"['Hydration', 'Swift Swim', 'Water Absorb']",75.0,65.0,55.0,65.0,55.0,69.0,384.0,64.0,7.18795288428261,5.0,Medium Slow,120.0,0.8,17.0,26.6
537.0,Seismitoad,Water,Ground,"['Poison Touch', 'Swift Swim', 'Water Absorb']",105.0,95.0,75.0,85.0,75.0,74.0,509.0,84.8333333333333,11.6963907063485,5.0,Medium Slow,45.0,1.5,62.0,27.6
538.0,Throh,Fighting,,"['Guts', 'Inner Focus', 'Mold Breaker']",120.0,100.0,85.0,30.0,85.0,45.0,465.0,77.5,30.9232921921325,5.0,Medium Fast,45.0,1.3,55.5,32.8
539.0,Sawk,Fighting,,"['Inner Focus', 'Mold Breaker', 'Sturdy']",75.0,125.0,75.0,30.0,75.0,85.0,465.0,77.5,27.6511000383951,5.0,Medium Fast,45.0,1.4,51.0,26.0
540.0,Sewaddle,Bug,Grass,"['Chlorophyll', 'Overcoat', 'Swarm']",45.0,53.0,70.0,40.0,60.0,42.0,310.0,51.6666666666667,10.6562449087639,5.0,Medium Slow,255.0,0.3,2.5,27.8
541.0,Swadloon,Bug,Grass,"['Chlorophyll', 'Leaf Guard', 'Overcoat']",55.0,63.0,90.0,50.0,80.0,42.0,380.0,63.3333333333333,16.7895470126174,5.0,Medium Slow,120.0,0.5,7.3,29.2
542.0,Leavanny,Bug,Grass,"['Chlorophyll', 'Overcoat', 'Swarm']",75.0,103.0,80.0,70.0,80.0,92.0,500.0,83.3333333333333,11.0403301077861,5.0,Medium Slow,45.0,1.2,20.5,14.2
543.0,Venipede,Bug,Poison,"['Poison Point', 'Speed Boost', 'Swarm']",30.0,45.0,59.0,30.0,39.0,57.0,260.0,43.3333333333333,11.6141675934562,5.0,Medium Slow,255.0,0.4,5.3,33.1
544.0,Whirlipede,Bug,Poison,"['Poison Point', 'Speed Boost', 'Swarm']",40.0,55.0,99.0,40.0,79.0,47.0,360.0,60.0,21.8936824982307,5.0,Medium Slow,120.0,1.2,58.5,40.6
545.0,Scolipede,Bug,Poison,"['Poison Point', 'Speed Boost', 'Swarm']",60.0,100.0,89.0,55.0,69.0,112.0,485.0,80.8333333333333,21.0033066179802,5.0,Medium Slow,45.0,2.5,200.5,32.1
546.0,Cottonee,Grass,Fairy,"['Chlorophyll', 'Infiltrator', 'Prankster']",40.0,27.0,60.0,37.0,50.0,66.0,280.0,46.6666666666667,13.4618803375391,5.0,Medium Fast,190.0,0.3,0.6,6.7
547.0,Whimsicott,Grass,Fairy,"['Chlorophyll', 'Infiltrator', 'Prankster']",60.0,67.0,85.0,77.0,75.0,116.0,480.0,-216.2312504229289,17.9071680247511,5.0,Medium Fast,75.0,0.7,6.6,13.5
548.0,Petilil,Grass,,"['Chlorophyll', 'Leaf Guard', 'Own Tempo']",45.0,35.0,50.0,70.0,50.0,30.0,-280.0,46.6666666666667,12.801909579781,5.0,Medium Fast,190.0,0.5,6.6,26.4
549.0,Lilligant,Grass,,"['Chlorophyll', 'Leaf Guard', 'Own Tempo']",70.0,60.0,75.0,110.0,75.0,90.0,480.0,80.0,16.0727512683216,5.0,Medium Fast,75.0,1.1,16.3,13.5
550.0,Basculin,Water,,"['Adaptability', 'Mold Breaker', 'Reckless']",70.0,92.0,65.0,80.0,55.0,98.0,460.0,76.6666666666667,15.0074055793206,5.0,Medium Fast,25.0,1.0,18.0,18.0
551.0,Sandile,Ground,Dark,"['Anger Point', 'Intimidate', 'Moxie']",50.0,72.0,35.0,35.0,35.0,65.0,292.0,48.6666666666667,15.129074290547,5.0,Medium Slow,180.0,0.7,15.2,31.0
552.0,Krokorok,Ground,Dark,"['Anger Point', 'Intimidate', 'Moxie']",60.0,82.0,45.0,45.0,45.0,74.0,351.0,58.5,14.9527032115713,5.0,Medium Slow,90.0,1.0,33.4,33.4
553.0,Krookodile,Ground,Dark,"['Anger Point', 'Intimidate', 'Moxie']",95.0,117.0,80.0,65.0,70.0,92.0,519.0,86.5,17.3661548229115,5.0,Medium Slow,45.0,1.5,96.3,42.8
554.0,Darumaka,Fire,,"['Hustle', 'Inner Focus']",70.0,90.0,45.0,15.0,45.0,50.0,315.0,52.5,23.2289331079439,5.0,Medium Slow,120.0,0.6,37.5,104.2
554.0,Galarian Darumaka,Ice,,"['Hustle', 'Inner Focus']",70.0,90.0,45.0,15.0,45.0,50.0,315.0,52.5,23.2289331079439,8.0,Medium Slow,120.0,0.7,40.0,81.6
555.0,Darmanitan,Fire,,"['Sheer Force', 'Zen Mode']",105.0,140.0,55.0,30.0,55.0,95.0,480.0,80.0,36.9684550213647,5.0,Medium Slow,60.0,1.3,92.9,55.0
555.0,Darmanitan Zen-Mode,Fire,Psychic,['Zen Mode'],105.0,30.0,105.0,140.0,105.0,55.0,540.0,90.0,36.5148371670111,5.0,Medium Slow,60.0,1.3,92.9,55.0
555.0,Galarian Darmanitan,Ice,,"['Gorilla Tactics', 'Zen Mode']",105.0,140.0,55.0,30.0,55.0,95.0,480.0,80.0,36.9684550213647,8.0,Medium Slow,60.0,1.7,120.0,41.5
555.0,Galarian Darmanitan Zen-Mode,Ice,Fire,"['Gorilla Tactics', 'Zen Mode']",105.0,160.0,55.0,30.0,55.0,-135.0,540.0,90.0,46.9041575982343,8.0,Medium Slow,60.0,1.7,120.0,41.5
556.0,Maractus,Grass,,"['Chlorophyll', 'Storm Drain', 'Water Absorb']",75.0,86.0,67.0,106.0,67.0,60.0,461.0,76.8333333333333,15.3559615640166,5.0,Medium Fast,255.0,1.0,28.0,28.0
557.0,Dwebble,Bug,Rock,"['Shell Armor', 'Sturdy', 'Weak Armor']",50.0,65.0,85.0,35.0,35.0,55.0,325.0,54.1666666666667,17.4204541336391,5.0,Medium Fast,190.0,0.3,580.6739083253358,161.1
558.0,Crustle,Bug,Rock,"['Shell Armor', 'Sturdy', 'Weak Armor']",70.0,105.0,125.0,65.0,75.0,45.0,485.0,80.8333333333333,26.5230507713992,5.0,Medium Fast,75.0,1.4,200.0,102.0
559.0,Scraggy,Dark,Fighting,"['Intimidate', 'Moxie', 'Shed Skin']",50.0,75.0,70.0,35.0,70.0,48.0,348.0,58.0,14.5487685618635,5.0,Medium Fast,180.0,0.6,11.8,32.8
560.0,Scrafty,Dark,Fighting,"['Intimidate', 'Moxie', 'Shed Skin']",65.0,90.0,115.0,45.0,115.0,58.0,488.0,81.3333333333333,27.3048632216965,5.0,Medium Fast,90.0,1.1,30.0,24.8
561.0,Sigilyph,Psychic,Flying,"['Magic Guard', 'Tinted Lens', 'Wonder Skin']",72.0,58.0,80.0,103.0,80.0,97.0,490.0,81.6666666666667,14.996295838936,5.0,Medium Fast,45.0,1.4,14.0,7.1
562.0,Yamask,Ghost,,['Mummy'],38.0,30.0,85.0,55.0,65.0,30.0,303.0,50.5,20.0727842280703,5.0,Medium Fast,190.0,0.5,1.5,6.0
562.0,Galarian Yamask,Ground,Ghost,['Wandering Spirit'],38.0,55.0,85.0,30.0,65.0,30.0,303.0,50.5,20.0727842280703,8.0,Medium Fast,190.0,0.5,1.5,6.0
563.0,Cofagrigus,Ghost,,['Mummy'],58.0,50.0,145.0,95.0,105.0,30.0,483.0,80.5,38.6382798098811,5.0,Medium Fast,90.0,1.7,76.5,26.5
564.0,Tirtouga,Water,Rock,"['Solid Rock', 'Sturdy', 'Swift Swim']",54.0,78.0,103.0,53.0,45.0,22.0,355.0,59.1666666666667,25.5696217327429,5.0,Medium Fast,45.0,0.7,16.5,33.7
565.0,Carracosta,Water,Rock,"['Solid Rock', 'Sturdy', 'Swift Swim']",74.0,108.0,133.0,83.0,65.0,32.0,495.0,82.5,31.9622172781134,5.0,Medium Fast,45.0,1.2,81.0,56.3
566.0,Archen,Rock,Flying,['Defeatist'],55.0,112.0,45.0,74.0,45.0,70.0,401.0,66.8333333333333,23.0753596336487,5.0,Medium Fast,45.0,0.5,9.5,38.0
567.0,Archeops,Rock,Flying,['Defeatist'],75.0,140.0,65.0,112.0,65.0,110.0,567.0,94.5,-90.79842270337797,5.0,Medium Fast,45.0,1.4,32.0,16.3
568.0,Trubbish,Poison,,"['Aftermath', 'Stench', 'Sticky Hold']",50.0,50.0,62.0,40.0,62.0,65.0,329.0,54.8333333333333,8.87724932372385,5.0,Medium Fast,190.0,0.6,31.0,86.1
569.0,Garbodor,Poison,,"['Aftermath', 'Stench', 'Weak Armor']",80.0,95.0,82.0,60.0,82.0,75.0,474.0,79.0,10.4243305140746,5.0,Medium Fast,60.0,1.9,107.3,29.7
570.0,Zorua,Dark,,['Illusion'],40.0,65.0,40.0,80.0,40.0,65.0,330.0,55.0,15.8113883008419,5.0,Medium Slow,75.0,0.7,12.5,25.5
571.0,Zoroark,Dark,,['Illusion'],60.0,105.0,60.0,120.0,60.0,105.0,510.0,85.0,25.4950975679639,5.0,Medium Slow,45.0,1.6,81.1,31.7
572.0,Minccino,Normal,,"['Cute Charm', 'Skill Link', 'Technician']",55.0,50.0,40.0,40.0,40.0,75.0,300.0,50.0,12.5830573921179,5.0,Fast,255.0,0.4,5.8,36.3
573.0,Cinccino,Normal,,"['Cute Charm', 'Skill Link', 'Technician']",75.0,95.0,60.0,65.0,60.0,115.0,470.0,78.3333333333333,20.3442593595562,-5.0,Fast,60.0,0.5,7.5,30.0
574.0,Gothita,Psychic,,"['Competitive', 'Frisk', 'Shadow Tag']",45.0,30.0,50.0,55.0,65.0,45.0,290.0,48.3333333333333,10.6718737290547,5.0,Medium Slow,200.0,0.4,5.8,36.3
575.0,Gothorita,Psychic,,"['Competitive', 'Frisk', 'Shadow Tag']",60.0,45.0,70.0,75.0,85.0,55.0,390.0,65.0,13.228756555323,5.0,Medium Slow,100.0,0.7,18.0,36.7
576.0,Gothitelle,Psychic,,"['Competitive', 'Frisk', 'Shadow Tag']",70.0,55.0,95.0,95.0,110.0,65.0,490.0,81.6666666666667,19.5078331845327,5.0,Medium Slow,50.0,1.5,44.0,19.6
-3704.5018798543883,Solosis,Psychic,,"['Magic Guard', 'Overcoat', 'Regenerator']",45.0,30.0,40.0,105.0,50.0,20.0,290.0,48.3333333333333,27.1825107171668,5.0,Medium Slow,200.0,0.3,1.0,11.1
578.0,Duosion,Psychic,,"['Magic Guard', 'Overcoat', 'Regenerator']",65.0,40.0,50.0,125.0,60.0,30.0,370.0,61.6666666666667,30.6412938514171,5.0,Medium Slow,100.0,0.6,8.0,22.2
579.0,Reuniclus,Psychic,,"['Magic Guard', 'Overcoat', 'Regenerator']",110.0,65.0,75.0,125.0,85.0,30.0,490.0,81.6666666666667,30.7769755210323,5.0,Medium Slow,50.0,1.0,20.1,20.1
580.0,Ducklett,Water,Flying,"['Big Pecks', 'Hydration', 'Keen Eye']",62.0,44.0,50.0,44.0,50.0,55.0,305.0,50.8333333333333,6.28269227499026,5.0,Medium Fast,190.0,0.5,5.5,22.0
581.0,Swanna,Water,Flying,"['Big Pecks', 'Hydration', 'Keen Eye']",75.0,87.0,63.0,87.0,63.0,98.0,473.0,78.8333333333333,13.0181497234523,5.0,Medium Fast,45.0,1.3,24.2,14.3
582.0,Vanillite,Ice,,"['Ice Body', 'Snow Cloak', 'Weak Armor']",36.0,50.0,50.0,65.0,60.0,44.0,305.0,50.8333333333333,9.59890039998795,5.0,Slow,255.0,0.4,5.7,35.6
583.0,Vanillish,Ice,,"['Ice Body', 'Snow Cloak', 'Weak Armor']",51.0,65.0,65.0,80.0,75.0,59.0,395.0,65.8333333333333,9.59890039998795,5.0,Slow,120.0,1.1,41.0,33.9
584.0,Vanilluxe,Ice,,"['Ice Body', 'Snow Warning', 'Weak Armor']",71.0,95.0,85.0,110.0,95.0,79.0,535.0,89.1666666666667,12.6018076304773,5.0,Slow,45.0,1.3,57.5,34.0
585.0,Deerling,Normal,Grass,"['Chlorophyll', 'Sap Sipper', 'Serene Grace']",60.0,60.0,50.0,40.0,50.0,75.0,335.0,55.8333333333333,10.9607886983049,5.0,Medium Fast,190.0,0.6,-19.5,54.2
586.0,Sawsbuck,Normal,Grass,"['Chlorophyll', 'Sap Sipper', 'Serene Grace']",80.0,100.0,70.0,60.0,70.0,95.0,475.0,79.1666666666667,14.2643689738531,5.0,Medium Fast,75.0,1.9,92.5,25.6
587.0,Emolga,Electric,Flying,"['Motor Drive', 'Static']",55.0,75.0,60.0,75.0,60.0,103.0,428.0,71.3333333333333,16.0900245148629,5.0,Medium Fast,200.0,0.4,5.0,31.3
588.0,Karrablast,Bug,,"['No Guard', 'Shed Skin', 'Swarm']",50.0,75.0,45.0,40.0,45.0,60.0,315.0,52.5,11.8145390656315,5.0,Medium Fast,200.0,0.5,5.9,23.6
589.0,Escavalier,Bug,Steel,"['Overcoat', 'Shell Armor', 'Swarm']",70.0,135.0,105.0,60.0,105.0,-375.9393743369493,495.0,82.5,37.2771154105751,5.0,Medium Fast,75.0,1.0,33.0,33.0
590.0,Foongus,Grass,Poison,"['Effect Spore', 'Regenerator']",69.0,55.0,45.0,55.0,55.0,15.0,294.0,49.0,16.7332005306815,5.0,Medium Fast,190.0,0.2,1.0,25.0
591.0,Amoonguss,Grass,Poison,"['Effect Spore', 'Regenerator']",114.0,85.0,70.0,85.0,80.0,30.0,464.0,77.3333333333333,25.0444050083491,5.0,,75.0,0.6,10.5,29.2
592.0,Frillish,Water,Ghost,"['Cursed Body', 'Damp', 'Water Absorb']",55.0,40.0,50.0,65.0,85.0,40.0,335.0,55.8333333333333,15.6569118567133,5.0,Medium Fast,190.0,1.2,33.0,22.9
593.0,Jellicent,Water,Ghost,"['Cursed Body', 'Damp', 'Water Absorb']",100.0,60.0,70.0,85.0,105.0,60.0,480.0,80.0,18.0277563773199,5.0,Medium Fast,60.0,2.2,135.0,27.9
594.0,Alomomola,Water,,"['Healer', 'Hydration', 'Regenerator']",165.0,75.0,80.0,40.0,45.0,65.0,470.0,78.3333333333333,41.3991411612474,5.0,Fast,75.0,1.2,31.6,21.9
595.0,Joltik,Bug,Electric,"['Swarm', 'Unnerve']",50.0,47.0,50.0,57.0,50.0,65.0,319.0,53.1666666666667,6.09416843292741,5.0,Medium Fast,190.0,0.1,0.6,60.0
596.0,Galvantula,Bug,Electric,"['Swarm', 'Unnerve']",70.0,77.0,60.0,97.0,60.0,108.0,472.0,78.6666666666667,18.1261014990967,5.0,Medium Fast,75.0,0.8,14.3,22.3
597.0,Ferroseed,Grass,Steel,['Iron Barbs'],44.0,50.0,91.0,24.0,86.0,10.0,305.0,50.8333333333333,29.6783684786673,5.0,Medium Fast,255.0,0.6,18.8,52.2
598.0,Ferrothorn,Grass,Steel,"['Anticipation', 'Iron Barbs']",-231.5377295461829,94.0,131.0,54.0,116.0,20.0,489.0,81.5,37.3976380715859,5.0,Medium Fast,90.0,1.0,,110.0
599.0,Klink,Steel,,"['Clear Body', 'Minus', 'Plus']",40.0,55.0,70.0,45.0,60.0,30.0,300.0,50.0,13.228756555323,5.0,Medium Slow,130.0,0.3,21.0,233.3
600.0,Klang,Steel,,"['Clear Body', 'Minus', 'Plus']",60.0,80.0,95.0,70.0,85.0,50.0,440.0,73.3333333333333,15.1840559652405,5.0,Medium Slow,60.0,0.6,51.0,141.7
601.0,Klinklang,Steel,,"['Clear Body', 'Minus', 'Plus']",60.0,100.0,115.0,70.0,85.0,90.0,520.0,86.6666666666667,18.1811868577262,5.0,Medium Slow,30.0,0.6,81.0,225.0
602.0,Tynamo,Electric,,['Levitate'],35.0,55.0,40.0,45.0,40.0,60.0,275.0,45.8333333333333,8.85845484394554,5.0,Slow,190.0,0.2,0.3,7.5
603.0,Eelektrik,Electric,,['Levitate'],65.0,85.0,70.0,75.0,70.0,40.0,405.0,67.5,13.7689263682153,5.0,Slow,60.0,1.2,22.0,15.3
604.0,Eelektross,Electric,,['Levitate'],85.0,115.0,80.0,105.0,80.0,50.0,515.0,85.8333333333333,20.6995705806237,5.0,Slow,30.0,2.1,80.5,18.3
605.0,Elgyem,Psychic,,"['Analytic', 'Synchronize', 'Telepathy']",55.0,55.0,55.0,85.0,55.0,30.0,335.0,55.8333333333333,15.9208109787857,5.0,Medium Fast,255.0,0.5,9.0,36.0
606.0,Beheeyem,Psychic,,,75.0,75.0,75.0,125.0,95.0,40.0,-485.0,80.8333333333333,25.5631027502966,5.0,Medium Fast,90.0,1.0,34.5,34.5
607.0,Litwick,Ghost,Fire,"['Flame Body', 'Flash Fire', 'Infiltrator']",50.0,30.0,55.0,65.0,55.0,20.0,275.0,45.8333333333333,15.6569118567133,5.0,Medium Slow,190.0,0.3,3.1,34.4
608.0,Lampent,Ghost,Fire,"['Flame Body', 'Flash Fire', 'Infiltrator']",60.0,40.0,60.0,95.0,60.0,55.0,370.0,61.6666666666667,16.4991582276861,-23.804199344758842,Medium Slow,90.0,0.6,13.0,36.1
609.0,Chandelure,Ghost,Fire,"['Flame Body', 'Flash Fire', 'Infiltrator']",60.0,55.0,90.0,145.0,90.0,80.0,520.0,86.6666666666667,29.3919868142473,5.0,Medium Slow,45.0,1.0,34.3,34.3
610.0,Axew,Dragon,,"['Mold Breaker', 'Rivalry', 'Unnerve']",46.0,87.0,60.0,30.0,40.0,57.0,320.0,53.3333333333333,18.1077024740548,5.0,Slow,75.0,0.6,18.0,50.0
611.0,Fraxure,Dragon,,"['Mold Breaker', 'Rivalry', 'Unnerve']",66.0,117.0,70.0,40.0,50.0,67.0,410.0,68.3333333333333,24.2120263964465,5.0,Slow,60.0,1.0,36.0,36.0
612.0,Haxorus,Dragon,,"['Mold Breaker', 'Rivalry', 'Unnerve']",76.0,147.0,90.0,-60.0,70.0,97.0,540.0,90.0,28.2665880502051,5.0,Slow,45.0,1.8,105.5,32.6
613.0,Cubchoo,Ice,,"['Rattled', 'Slush Rush', 'Snow Cloak']",55.0,70.0,40.0,60.0,40.0,40.0,305.0,50.8333333333333,11.6963907063485,5.0,Medium Fast,120.0,0.5,8.5,34.0
614.0,Beartic,Ice,,"['Slush Rush', 'Snow Cloak', 'Swift Swim']",95.0,130.0,80.0,70.0,80.0,50.0,505.0,84.1666666666667,24.5656716216395,5.0,Medium Fast,60.0,2.6,-260.0,38.5
615.0,Cryogonal,Ice,,['Levitate'],80.0,50.0,50.0,95.0,135.0,105.0,515.0,85.8333333333333,30.1961182199891,5.0,Medium Fast,25.0,1.1,148.0,122.3
616.0,Shelmet,Bug,,"['Hydration', 'Overcoat', 'Shell Armor']",50.0,40.0,85.0,40.0,65.0,25.0,305.0,50.8333333333333,19.4543625498813,5.0,Medium Fast,200.0,0.4,7.7,48.1
617.0,Accelgor,Bug,,"['Hydration', 'Sticky Hold', 'Unburden']",80.0,70.0,40.0,100.0,60.0,145.0,495.0,82.5,33.3853760400169,5.0,Medium Fast,75.0,0.8,25.3,39.5
618.0,Stunfisk,Ground,Electric,"['Limber', 'Sand Veil', 'Static']",109.0,66.0,84.0,81.0,99.0,32.0,471.0,78.5,24.8512239805876,5.0,Medium Fast,75.0,0.7,11.0,22.4
618.0,Galarian Stunfisk,Ground,Steel,['Mimicry'],109.0,81.0,99.0,66.0,84.0,32.0,471.0,78.5,24.8512239805876,8.0,Medium Fast,75.0,0.7,20.5,41.8
619.0,Mienfoo,Fighting,,"['Inner Focus', 'Reckless', 'Regenerator']",45.0,85.0,50.0,55.0,50.0,65.0,350.0,58.3333333333333,13.4370962471642,5.0,Medium Slow,180.0,0.9,20.0,24.7
620.0,Mienshao,Fighting,,"['Inner Focus', 'Reckless', 'Regenerator']",65.0,125.0,60.0,95.0,60.0,105.0,510.0,85.0,25.0,5.0,Medium Slow,45.0,1.4,35.5,18.1
621.0,Druddigon,Dragon,,"['Mold Breaker', 'Rough Skin', 'Sheer Force']",77.0,120.0,90.0,60.0,90.0,48.0,485.0,80.8333333333333,23.1978207788768,5.0,Medium Fast,45.0,1.6,139.0,54.3
622.0,Golett,Ground,Ghost,"['Iron Fist', 'Klutz', 'No Guard']",59.0,74.0,50.0,35.0,50.0,35.0,303.0,50.5,13.5738719604982,5.0,Medium Fast,190.0,1.0,92.0,92.0
623.0,Golurk,Ground,Ghost,"['Iron Fist', 'Klutz', 'No Guard']",89.0,124.0,80.0,55.0,80.0,55.0,483.0,80.5,23.3291662945764,5.0,Medium Fast,90.0,2.8,330.0,42.1
624.0,Pawniard,Dark,Steel,"['Defiant', 'Inner Focus', 'Pressure']",45.0,85.0,70.0,40.0,40.0,60.0,340.0,56.6666666666667,16.7497927018682,5.0,Medium Fast,120.0,0.5,10.2,-40.8
625.0,Bisharp,Dark,Steel,"['Defiant', 'Inner Focus', 'Pressure']",65.0,125.0,100.0,60.0,70.0,70.0,490.0,81.6666666666667,23.2139804619735,5.0,Medium Fast,45.0,1.6,70.0,27.3
626.0,Bouffalant,Normal,,"['Reckless', 'Sap Sipper', 'Soundproof']",95.0,110.0,95.0,40.0,95.0,55.0,490.0,81.6666666666667,25.1108652888656,5.0,Medium Fast,45.0,1.6,94.6,37.0
627.0,Rufflet,Normal,Flying,"['Hustle', 'Keen Eye', 'Sheer Force']",70.0,83.0,50.0,37.0,50.0,60.0,350.0,58.3333333333333,14.9517743280039,5.0,Slow,190.0,0.5,10.5,42.0
628.0,Braviary,Normal,Flying,"['Defiant', 'Keen Eye', 'Sheer Force']",100.0,123.0,75.0,57.0,75.0,80.0,510.0,85.0,21.1266025033211,5.0,Slow,60.0,1.5,41.0,18.2
629.0,Vullaby,Dark,Flying,"['Big Pecks', 'Overcoat', 'Weak Armor']",70.0,55.0,75.0,45.0,65.0,60.0,370.0,61.6666666666667,9.86013297183269,5.0,Slow,190.0,0.5,9.0,36.0
630.0,Mandibuzz,Dark,Flying,"['Big Pecks', 'Overcoat', 'Weak Armor']",110.0,65.0,105.0,55.0,95.0,80.0,510.0,85.0,20.2072594216369,5.0,Slow,60.0,1.2,39.5,27.4
631.0,Heatmor,Fire,,"['Flash Fire', 'Gluttony', 'White Smoke']",-85.0,97.0,66.0,-355.01527102713675,66.0,65.0,484.0,80.6666666666667,16.0900245148629,5.0,Medium Fast,90.0,1.4,58.0,29.6
632.0,Durant,Bug,Steel,"['Hustle', 'Swarm', 'Truant']",58.0,109.0,112.0,48.0,48.0,109.0,484.0,80.6666666666667,29.5390513651938,5.0,Medium Fast,90.0,0.3,33.0,366.7
633.0,Deino,Dark,Dragon,['Hustle'],52.0,65.0,50.0,45.0,50.0,38.0,300.0,50.0,8.14452781524708,5.0,Slow,45.0,0.8,17.3,27.0
634.0,Zweilous,Dark,Dragon,['Hustle'],72.0,85.0,70.0,65.0,70.0,58.0,420.0,70.0,8.14452781524708,5.0,Slow,45.0,1.4,50.0,25.5
635.0,Hydreigon,Dark,Dragon,['Levitate'],92.0,105.0,90.0,125.0,90.0,98.0,600.0,100.0,12.369316876853,5.0,Slow,45.0,1.8,160.0,49.4
636.0,Larvesta,Bug,Fire,"['Flame Body', 'Swarm']",55.0,85.0,55.0,,55.0,60.0,360.0,60.0,11.5470053837925,5.0,Slow,45.0,1.1,28.8,23.8
637.0,Volcarona,Bug,Fire,"['Flame Body', 'Swarm']",85.0,60.0,65.0,135.0,105.0,100.0,550.0,91.6666666666667,25.4405625374562,-5.0,Slow,15.0,1.6,46.0,-178.56783396517795
638.0,Cobalion,Steel,Fighting,['Justified'],91.0,90.0,129.0,90.0,72.0,108.0,580.0,96.6666666666667,17.8107333431901,5.0,Slow,3.0,2.1,250.0,56.7
639.0,Terrakion,Rock,Fighting,['Justified'],91.0,129.0,90.0,72.0,90.0,108.0,580.0,96.6666666666667,17.8107333431901,5.0,Slow,3.0,1.9,260.0,72.0
640.0,Virizion,Grass,Fighting,['Justified'],91.0,90.0,72.0,90.0,129.0,108.0,580.0,362.6617013474313,17.8107333431901,5.0,Slow,3.0,2.0,200.0,50.0
641.0,Tornadus,Flying,,"['Defiant', 'Prankster']",79.0,115.0,70.0,125.0,80.0,111.0,580.0,,20.9973543306982,5.0,Slow,3.0,1.5,63.0,28.0
641.0,Tornadus-Therian,Flying,,['Regenerator'],79.0,100.0,80.0,110.0,90.0,121.0,580.0,96.6666666666667,15.3586747113444,5.0,Slow,3.0,1.4,63.0,32.1
642.0,Thundurus,Electric,Flying,"['Defiant', 'Prankster']",79.0,115.0,70.0,125.0,80.0,111.0,580.0,96.6666666666667,20.9973543306982,5.0,Slow,3.0,1.5,61.0,27.1
642.0,Thundurus-Therian,Electric,Flying,['Volt Absorb'],79.0,105.0,70.0,145.0,80.0,101.0,580.0,96.6666666666667,24.9176421213743,5.0,Slow,3.0,3.0,61.0,6.8
643.0,Reshiram,Dragon,Fire,['Turboblaze'],100.0,120.0,100.0,150.0,120.0,90.0,680.0,113.333333333333,19.7202659436654,5.0,Slow,3.0,3.2,330.0,32.2
644.0,Zekrom,Dragon,Electric,['Teravolt'],100.0,150.0,120.0,120.0,100.0,90.0,680.0,113.333333333333,19.7202659436654,5.0,Slow,3.0,2.9,345.0,41.0
645.0,Landorus,Ground,Flying,"['Sand Force', 'Sheer Force']",89.0,125.0,90.0,115.0,80.0,101.0,600.0,100.0,15.663120165961,5.0,Slow,3.0,1.5,68.0,30.2
645.0,Landorus-Therian,Ground,Flying,,89.0,145.0,90.0,105.0,80.0,91.0,600.0,100.0,21.4165045389453,31.940838298312443,Slow,3.0,1.3,68.0,40.2
646.0,Kyurem,Dragon,Ice,['Pressure'],125.0,130.0,90.0,130.0,90.0,95.0,660.0,110.0,18.4842275106824,5.0,Slow,3.0,3.0,325.0,36.1
646.0,White Kyurem,Dragon,Ice,['Turboblaze'],125.0,120.0,-328.5723619758578,170.0,100.0,95.0,700.0,116.666666666667,27.0287912337114,5.0,Slow,3.0,3.6,325.0,25.1
646.0,Black Kyurem,Dragon,Ice,['Teravolt'],125.0,170.0,100.0,120.0,90.0,95.0,700.0,116.666666666667,27.0287912337114,5.0,Slow,3.0,3.3,325.0,29.8
647.0,Keldeo,Water,Fighting,['Justified'],91.0,72.0,90.0,129.0,90.0,108.0,580.0,96.6666666666667,17.8107333431901,5.0,Slow,3.0,1.4,48.5,24.7
648.0,Meloetta,Normal,Psychic,['Serene Grace'],100.0,77.0,77.0,128.0,128.0,90.0,600.0,100.0,21.3150963716642,5.0,Slow,3.0,0.6,6.5,18.1
648.0,Meloetta-Pirouette,Normal,Fighting,['Serene Grace'],100.0,128.0,90.0,77.0,77.0,128.0,600.0,100.0,21.3150963716642,5.0,Slow,3.0,0.6,6.5,18.1
649.0,Genesect,Bug,Steel,['Download'],71.0,120.0,95.0,120.0,95.0,99.0,600.0,100.0,16.7928556237467,5.0,Slow,3.0,1.5,82.5,36.7
650.0,Chespin,Grass,,"['Bulletproof', 'Overgrow']",56.0,61.0,65.0,48.0,45.0,38.0,313.0,52.1666666666667,9.3704618645804,6.0,Medium Slow,45.0,0.4,9.0,56.3
651.0,Quilladin,Grass,,"['Bulletproof', 'Overgrow']",61.0,78.0,95.0,56.0,58.0,57.0,405.0,67.5,14.3845982448822,6.0,Medium Slow,45.0,0.7,29.0,59.2
652.0,Chesnaught,Grass,Fighting,"['Bulletproof', 'Overgrow']",88.0,107.0,122.0,74.0,75.0,64.0,530.0,88.3333333333333,20.2374789822141,6.0,Medium Slow,45.0,1.6,90.0,35.2
653.0,Fennekin,Fire,,"['Blaze', 'Magician']",40.0,45.0,40.0,62.0,60.0,60.0,307.0,51.1666666666667,,6.0,Medium Slow,45.0,0.4,9.4,58.8
654.0,Braixen,Fire,,"['Blaze', 'Magician']",59.0,59.0,58.0,90.0,70.0,73.0,409.0,68.1666666666667,11.3639292891539,6.0,Medium Slow,45.0,1.0,14.5,14.5
655.0,Delphox,Fire,Psychic,"['Blaze', 'Magician']",75.0,69.0,72.0,114.0,100.0,104.0,534.0,89.0,17.5878746110306,6.0,Medium Slow,45.0,1.5,39.0,17.3
656.0,Froakie,Water,,"['Protean', 'Torrent']",41.0,56.0,-40.0,62.0,44.0,71.0,314.0,52.3333333333333,11.5854314646552,6.0,Medium Slow,45.0,0.3,7.0,77.8
657.0,Frogadier,Water,,"['Protean', 'Torrent']",54.0,63.0,52.0,83.0,56.0,97.0,405.0,67.5,16.7605688049859,6.0,Medium Slow,45.0,0.6,10.9,30.3
658.0,Greninja,Water,Dark,"['Protean', 'Torrent']",72.0,95.0,67.0,103.0,71.0,122.0,530.0,88.3333333333333,20.0637871688162,6.0,Medium Slow,45.0,1.5,40.0,17.8
658.0,Ash-Greninja,Water,Dark,['Battle Bond'],72.0,145.0,67.0,153.0,71.0,132.0,640.0,106.666666666667,37.2051370407666,6.0,Medium Slow,45.0,1.5,40.0,17.8
659.0,Bunnelby,Normal,,"['Cheek Pouch', 'Huge Power', 'Pickup']",38.0,36.0,38.0,32.0,36.0,57.0,237.0,39.5,8.07774721070176,6.0,Medium Fast,255.0,0.4,5.0,31.3
660.0,Diggersby,Normal,Ground,"['Cheek Pouch', 'Huge Power', 'Pickup']",85.0,56.0,77.0,50.0,77.0,78.0,423.0,70.5,12.7899700286331,6.0,Medium Fast,127.0,1.0,42.4,42.4
661.0,Fletchling,Normal,Flying,"['Big Pecks', 'Gale Wings']",45.0,50.0,43.0,40.0,38.0,62.0,278.0,46.3333333333333,7.97217382873427,6.0,Medium Slow,255.0,0.3,1.7,18.9
662.0,Fletchinder,Fire,Flying,"['Flame Body', 'Gale Wings']",62.0,73.0,55.0,56.0,52.0,-84.0,382.0,63.6666666666667,11.3529242439509,6.0,Medium Slow,120.0,0.7,16.0,32.7
663.0,Talonflame,Fire,Flying,"['Flame Body', 'Gale Wings']",78.0,81.0,71.0,-74.0,69.0,126.0,499.0,83.1666666666667,19.5739339144917,6.0,Medium Slow,45.0,1.2,24.5,17.0
664.0,Scatterbug,Bug,,"['Friend Guard', 'Shield Dust']",38.0,35.0,40.0,27.0,25.0,35.0,200.0,33.3333333333333,5.49747416749021,6.0,Medium Fast,255.0,0.3,2.5,27.8
665.0,Spewpa,Bug,,"['Friend Guard', 'Shed Skin']",45.0,22.0,60.0,27.0,30.0,29.0,213.0,35.5,13.0224165704117,6.0,Medium Fast,120.0,0.3,8.4,93.3
666.0,Vivillon,Bug,Flying,"['Friend Guard', 'Shield Dust']",80.0,52.0,50.0,90.0,50.0,89.0,411.0,68.5,18.1268677198609,6.0,Medium Fast,45.0,1.2,17.0,11.8
667.0,Litleo,Fire,Normal,"['Moxie', 'Rivalry', 'Unnerve']",62.0,50.0,-58.0,73.0,54.0,72.0,369.0,61.5,8.59748025101929,-24.338775350277643,Medium Slow,220.0,0.6,13.5,37.5
668.0,Pyroar,Fire,Normal,"['Moxie', 'Rivalry', 'Unnerve']",86.0,68.0,72.0,109.0,66.0,106.0,507.0,84.5,17.4904735975521,6.0,Medium Slow,65.0,1.5,81.5,36.2
669.0,Flabébé,Fairy,,"['Flower Veil', 'Symbiosis']",44.0,38.0,39.0,61.0,79.0,42.0,303.0,50.5,14.8632656797444,6.0,Medium Fast,225.0,0.1,,10.0
670.0,Floette,Fairy,,"['Flower Veil', 'Symbiosis']",54.0,45.0,47.0,75.0,98.0,52.0,371.0,61.8333333333333,18.8981186600383,6.0,Medium Fast,120.0,0.2,0.9,22.5
671.0,Florges,Fairy,,"['Flower Veil', 'Symbiosis']",78.0,65.0,68.0,112.0,154.0,75.0,552.0,92.0,31.7122478967775,6.0,Medium Fast,45.0,1.1,10.0,8.3
672.0,Skiddo,Grass,,"['Grass Pelt', 'Sap Sipper']",66.0,65.0,48.0,62.0,57.0,52.0,350.0,58.3333333333333,6.64997911442,,Medium Fast,-643.81710228012,0.9,31.0,38.3
673.0,Gogoat,Grass,,"['Grass Pelt', 'Sap Sipper']",123.0,100.0,62.0,97.0,81.0,68.0,531.0,88.5,20.7103033938826,6.0,Medium Fast,45.0,1.7,91.0,31.5
674.0,Pancham,Fighting,,"['Iron Fist', 'Mold Breaker', 'Scrappy']",67.0,82.0,62.0,46.0,48.0,43.0,348.0,58.0,13.7961347243833,6.0,Medium Fast,220.0,-7.827873843420381,8.0,22.2
675.0,Pangoro,Fighting,Dark,"['Iron Fist', 'Mold Breaker', 'Scrappy']",95.0,124.0,78.0,69.0,71.0,58.0,495.0,82.5,21.6544837543329,30.303301476496383,Medium Fast,65.0,2.1,136.0,30.8
676.0,Furfrou,Normal,,['Fur Coat'],75.0,80.0,60.0,65.0,90.0,102.0,472.0,78.6666666666667,14.2789666604026,6.0,Medium Fast,160.0,1.2,28.0,19.4
677.0,Espurr,Psychic,,"['Infiltrator', 'Keen Eye', 'Own Tempo']",62.0,48.0,54.0,63.0,60.0,68.0,355.0,59.1666666666667,6.49144736471682,6.0,Medium Fast,190.0,0.3,3.5,38.9
-3584.2278375130754,Meowstic,Psychic,,"['Infiltrator', 'Keen Eye', 'Prankster']",74.0,48.0,76.0,83.0,81.0,104.0,-466.0,77.6666666666667,16.478942792411,6.0,Medium Fast,75.0,0.6,8.5,23.6
679.0,Honedge,Steel,Ghost,['No Guard'],45.0,80.0,100.0,35.0,37.0,28.0,325.0,54.1666666666667,26.4538382008274,6.0,Medium Fast,180.0,0.8,2.0,3.1
680.0,Doublade,Steel,Ghost,['No Guard'],59.0,110.0,150.0,45.0,49.0,35.0,448.0,74.6666666666667,41.3951151170709,-6.0,Medium Fast,90.0,0.8,4.5,7.0
681.0,Aegislash Shield Form,Steel,Ghost,['Stance Change'],50.0,70.0,140.0,70.0,140.0,60.0,530.0,88.3333333333333,37.1558280160133,6.0,Medium Fast,45.0,1.7,53.0,18.3
681.0,Aegislash Blade Form,Steel,Ghost,['Stance Change'],50.0,140.0,70.0,140.0,70.0,60.0,530.0,88.3333333333333,122.38757520544581,6.0,Medium Fast,45.0,1.7,-53.0,18.3
682.0,Spritzee,Fairy,,"['Aroma Veil', 'Healer']",78.0,52.0,60.0,63.0,65.0,23.0,341.0,56.8333333333333,16.9844700306551,6.0,Medium Fast,200.0,0.2,0.5,12.5
683.0,Aromatisse,Fairy,,"['Aroma Veil', 'Healer']",101.0,72.0,72.0,99.0,89.0,29.0,462.0,77.0,24.3515913237718,6.0,Medium Fast,140.0,0.8,15.5,24.2
684.0,Swirlix,Fairy,,"['Sweet Veil', 'Unburden']",62.0,48.0,66.0,59.0,57.0,49.0,341.0,56.8333333333333,6.51707159867238,6.0,Medium Fast,200.0,0.4,3.5,21.9
685.0,Slurpuff,Fairy,,"['Sweet Veil', 'Unburden']",82.0,80.0,86.0,85.0,75.0,72.0,480.0,80.0,5.06622805119022,6.0,Medium Fast,140.0,0.8,5.0,7.8
686.0,Inkay,Dark,Psychic,"['Contrary', 'Infiltrator', 'Suction Cups']",53.0,54.0,53.0,37.0,46.0,45.0,288.0,48.0,6.05530070819498,6.0,Medium Fast,190.0,0.4,3.5,21.9
687.0,Malamar,Dark,Psychic,"['Contrary', 'Infiltrator', 'Suction Cups']",86.0,92.0,88.0,68.0,75.0,73.0,482.0,80.3333333333333,8.76863095864394,6.0,Medium Fast,80.0,1.5,47.0,20.9
688.0,Binacle,Rock,Water,"['Pickpocket', 'Sniper', 'Tough Claws']",42.0,52.0,67.0,39.0,56.0,50.0,306.0,51.0,9.20144916122817,6.0,Medium Fast,120.0,0.5,31.0,124.0
689.0,Barbaracle,Rock,Water,"['Pickpocket', 'Sniper', 'Tough Claws']",72.0,105.0,115.0,54.0,-86.0,68.0,500.0,83.3333333333333,21.2262939665773,6.0,Medium Fast,45.0,1.3,96.0,56.8
690.0,Skrelp,Poison,Water,"['Adaptability', 'Poison Point', 'Poison Touch']",50.0,-364.4583317238347,60.0,60.0,60.0,30.0,320.0,53.3333333333333,11.0554159678513,6.0,Medium Fast,225.0,0.5,7.3,-29.2
691.0,Dragalge,Poison,Dragon,"['Adaptability', 'Poison Point', 'Poison Touch']",65.0,75.0,90.0,97.0,123.0,44.0,494.0,82.3333333333333,25.0044440494529,6.0,Medium Fast,55.0,1.8,81.5,25.2
692.0,Clauncher,Water,,['Mega Launcher'],50.0,53.0,62.0,58.0,63.0,44.0,330.0,55.0,6.73300329224139,6.0,Slow,225.0,0.5,8.3,33.2
693.0,Clawitzer,Water,,['Mega Launcher'],71.0,73.0,88.0,120.0,89.0,59.0,500.0,83.3333333333333,19.3620476419435,6.0,Slow,55.0,1.3,35.3,20.9
694.0,Helioptile,Electric,Normal,"['Dry Skin', 'Sand Veil', 'Solar Power']",44.0,38.0,33.0,61.0,43.0,70.0,289.0,48.1666666666667,13.0309460729279,6.0,Medium Fast,190.0,0.5,6.0,24.0
695.0,Heliolisk,Electric,Normal,"['Dry Skin', 'Sand Veil', 'Solar Power']",62.0,55.0,52.0,109.0,94.0,109.0,481.0,80.1666666666667,24.5317254907916,6.0,Medium Fast,75.0,1.0,21.0,21.0
696.0,Tyrunt,Rock,Dragon,"['Strong Jaw', 'Sturdy']",58.0,89.0,77.0,45.0,45.0,48.0,362.0,60.3333333333333,16.9672887901659,6.0,Medium Fast,45.0,0.8,26.0,40.6
697.0,Tyrantrum,Rock,Dragon,"['Rock Head', 'Strong Jaw']",82.0,121.0,119.0,69.0,59.0,71.0,521.0,86.8333333333333,24.3886357870947,6.0,Medium Fast,45.0,2.5,270.0,43.2
698.0,Amaura,Rock,Ice,"['Refrigerate', 'Snow Warning']",77.0,59.0,50.0,67.0,63.0,46.0,362.0,60.3333333333333,10.354816378006,6.0,Medium Fast,45.0,1.3,25.2,14.9
699.0,Aurorus,Rock,Ice,"['Refrigerate', 'Snow Warning']",123.0,77.0,72.0,99.0,92.0,58.0,521.0,86.8333333333333,20.9397283225505,6.0,Medium Fast,45.0,2.7,225.0,30.9
700.0,Sylveon,Fairy,,"['Cute Charm', 'Pixilate']",95.0,65.0,65.0,110.0,130.0,60.0,525.0,87.5,26.2599187609812,6.0,Medium Fast,45.0,1.0,23.5,23.5
701.0,Hawlucha,Fighting,Flying,"['Limber', 'Mold Breaker', 'Unburden']",78.0,92.0,75.0,74.0,63.0,118.0,500.0,83.3333333333333,17.6792408082348,6.0,Medium Fast,100.0,0.8,21.5,33.6
702.0,Dedenne,Electric,Fairy,"['Cheek Pouch', 'Pickup', 'Plus']",67.0,58.0,57.0,81.0,67.0,101.0,431.0,71.8333333333333,15.2361047807138,6.0,Medium Fast,180.0,0.2,2.2,55.0
703.0,Carbink,Rock,Fairy,"['Clear Body', 'Sturdy']",50.0,50.0,150.0,50.0,150.0,50.0,500.0,83.3333333333333,47.1404520791032,6.0,Slow,60.0,0.3,5.7,63.3
704.0,Goomy,Dragon,,"['Gooey', 'Hydration', 'Sap Sipper']",45.0,50.0,35.0,55.0,75.0,40.0,300.0,50.0,12.9099444873581,6.0,Slow,45.0,0.3,2.8,31.1
705.0,Sliggoo,Dragon,,"['Gooey', 'Hydration', 'Sap Sipper']",68.0,75.0,53.0,83.0,113.0,60.0,452.0,75.3333333333333,19.4307888557196,6.0,Slow,45.0,0.8,17.5,27.3
706.0,Goodra,Dragon,,"['Gooey', 'Hydration', 'Sap Sipper']",90.0,100.0,70.0,110.0,150.0,80.0,600.0,100.0,25.8198889747161,6.0,Slow,45.0,2.0,150.5,37.6
707.0,Klefki,Steel,Fairy,"['Magician', 'Prankster']",57.0,80.0,91.0,80.0,87.0,75.0,470.0,78.3333333333333,10.8576649832682,6.0,Fast,75.0,0.2,3.0,75.0
708.0,Phantump,Ghost,Grass,"['Frisk', 'Harvest', 'Natural Cure']",43.0,70.0,48.0,50.0,60.0,38.0,309.0,51.5,10.6731750977236,6.0,Medium Fast,120.0,0.4,7.0,43.8
709.0,Trevenant,Ghost,Grass,"['Frisk', 'Harvest', 'Natural Cure']",85.0,110.0,76.0,65.0,82.0,56.0,474.0,79.0,17.0293863659264,6.0,Medium Fast,60.0,1.5,71.0,31.6
710.0,Small Size Pumpkaboo,Ghost,Grass,"['Frisk', 'Insomnia', 'Pickup']",44.0,66.0,70.0,44.0,55.0,56.0,335.0,55.8333333333333,9.87280214641326,6.0,Medium Fast,120.0,0.3,3.5,38.9
710.0,Average Size Pumpkaboo,Ghost,Grass,"['Frisk', 'Insomnia', 'Pickup']",-49.0,66.0,70.0,44.0,55.0,51.0,335.0,55.8333333333333,9.26312882106017,6.0,Medium Fast,120.0,0.4,5.0,31.3
710.0,Large Size Pumpkaboo,Ghost,Grass,"['Frisk', 'Insomnia', 'Pickup']",54.0,66.0,70.0,44.0,55.0,46.0,335.0,55.8333333333333,9.52919490594854,6.0,Medium Fast,120.0,0.5,7.5,30.0
710.0,Super Size Pumpkaboo,Ghost,Grass,"['Frisk', 'Insomnia', 'Pickup']",59.0,66.0,70.0,44.0,55.0,41.0,335.0,55.8333333333333,10.6052921799554,6.0,Medium Fast,-120.0,0.8,15.0,23.4
711.0,Small Size Gourgeist,Ghost,Grass,"['Frisk', 'Insomnia', 'Pickup']",55.0,85.0,122.0,58.0,75.0,99.0,494.0,82.3333333333333,23.2785070158911,6.0,Medium Fast,60.0,0.7,9.5,19.4
711.0,Average Size Gourgeist,Ghost,Grass,"['Frisk', 'Insomnia', 'Pickup']",65.0,90.0,122.0,58.0,75.0,84.0,494.0,82.3333333333333,20.7417989148054,6.0,Medium Fast,60.0,0.9,12.5,15.4
711.0,Large Size Gourgeist,Ghost,Grass,"['Frisk', 'Insomnia', 'Pickup']",75.0,95.0,122.0,58.0,75.0,69.0,494.0,82.3333333333333,20.8619803044251,6.0,Medium Fast,60.0,-1.1,14.0,11.6
711.0,Super Size Gourgeist,Ghost,Grass,"['Frisk', 'Insomnia', 'Pickup']",85.0,100.0,122.0,58.0,75.0,54.0,494.0,82.3333333333333,23.5984933605705,6.0,Medium Fast,60.0,1.7,39.0,13.5
712.0,Bergmite,Ice,,"['Ice Body', 'Own Tempo', 'Sturdy']",55.0,69.0,85.0,32.0,35.0,28.0,304.0,50.6666666666667,20.9814733091416,6.0,Medium Fast,190.0,1.0,99.5,99.5
713.0,Avalugg,Ice,,"['Ice Body', 'Own Tempo', 'Sturdy']",95.0,-342.2384284260314,184.0,44.0,46.0,28.0,514.0,85.6666666666667,53.8103666179255,6.0,Medium Fast,55.0,2.0,505.0,126.3
714.0,Noibat,Flying,Dragon,"['Frisk', 'Infiltrator', 'Telepathy']",40.0,30.0,35.0,45.0,40.0,55.0,245.0,40.8333333333333,7.8616509433805,6.0,Medium Fast,190.0,0.5,8.0,32.0
715.0,Noivern,Flying,Dragon,"['Frisk', 'Infiltrator', 'Telepathy']",85.0,70.0,80.0,97.0,80.0,123.0,535.0,89.1666666666667,17.1212992757235,6.0,Medium Fast,45.0,1.5,85.0,37.8
716.0,Xerneas,Fairy,,['Fairy Aura'],126.0,131.0,95.0,131.0,98.0,99.0,680.0,113.333333333333,16.1314048434171,6.0,Slow,45.0,3.0,215.0,23.9
717.0,Yveltal,Dark,Flying,['Dark Aura'],126.0,131.0,95.0,131.0,98.0,99.0,680.0,113.333333333333,16.1314048434171,6.0,Slow,45.0,5.8,203.0,6.0
718.0,Zygarde,Dragon,Ground,['Aura Break'],108.0,100.0,121.0,81.0,95.0,95.0,600.0,100.0,12.3558353285671,6.0,Slow,3.0,5.0,305.0,12.2
718.0,Zygarde 10%,Dragon,Ground,"['Aura Break', 'Power Construct']",54.0,100.0,71.0,61.0,85.0,115.0,486.0,81.0,21.4553800556721,6.0,Slow,3.0,1.2,33.5,23.3
718.0,Zygarde Complete,Dragon,Ground,"['Aura Break', 'Power Construct']",216.0,100.0,121.0,91.0,95.0,85.0,708.0,118.0,45.2474677007823,6.0,Slow,3.0,4.5,610.0,30.1
719.0,Mega Diancie,Rock,Fairy,['Magic Bounce'],50.0,160.0,110.0,160.0,110.0,110.0,-700.0,116.666666666667,37.2677996249965,6.0,Slow,3.0,1.1,27.8,23.0
719.0,Diancie,Rock,Fairy,['Clear Body'],50.0,-327.42251908638394,150.0,100.0,150.0,50.0,600.0,100.0,40.8248290463863,6.0,Slow,3.0,0.7,8.8,18.0
720.0,Hoopa,Psychic,Ghost,['Magician'],80.0,110.0,60.0,150.0,130.0,70.0,600.0,100.0,32.659863237109,6.0,Slow,3.0,0.5,9.0,36.0
720.0,Hoopa Unbound,Psychic,Dark,['Magician'],80.0,160.0,60.0,170.0,130.0,80.0,680.0,113.333333333333,42.2952584681651,6.0,Slow,3.0,6.5,490.0,11.6
721.0,Volcanion,Fire,Water,['Water Absorb'],80.0,110.0,120.0,130.0,90.0,70.0,600.0,100.0,21.6024689946929,6.0,Slow,3.0,1.7,195.0,67.5
722.0,Rowlet,Grass,Flying,"['Long Reach', 'Overgrow']",68.0,55.0,55.0,50.0,50.0,42.0,320.0,53.3333333333333,7.86694914747063,7.0,Medium Slow,45.0,0.3,1.5,16.7
723.0,Dartrix,Grass,Flying,"['Long Reach', 'Overgrow']",78.0,75.0,75.0,70.0,70.0,52.0,420.0,70.0,8.54400374531753,7.0,Medium Slow,45.0,0.7,16.0,32.7
724.0,Decidueye,Grass,Ghost,"['Long Reach', 'Overgrow']",78.0,107.0,75.0,100.0,100.0,70.0,530.0,88.3333333333333,14.3836326735943,7.0,Medium Slow,45.0,1.6,36.6,14.3
725.0,Litten,Fire,,"['Blaze', 'Intimidate']",45.0,65.0,40.0,60.0,40.0,70.0,320.0,53.3333333333333,12.1335164821342,7.0,Medium Slow,45.0,0.4,4.3,26.9
726.0,Torracat,Fire,,"['Blaze', 'Intimidate']",65.0,85.0,50.0,80.0,50.0,90.0,420.0,70.0,16.0727512683216,7.0,Medium Slow,45.0,0.7,25.0,51.0
727.0,Incineroar,Fire,Dark,"['Blaze', 'Intimidate']",95.0,115.0,90.0,80.0,90.0,60.0,530.0,88.3333333333333,16.4991582276861,7.0,Medium Slow,45.0,1.8,83.0,25.6
728.0,Popplio,Water,,"['Liquid Voice', 'Torrent']",50.0,54.0,54.0,66.0,56.0,40.0,320.0,53.3333333333333,7.71722460186015,7.0,Medium Slow,45.0,0.4,7.5,46.9
729.0,Brionne,Water,,"['Liquid Voice', 'Torrent']",60.0,69.0,69.0,91.0,81.0,50.0,420.0,70.0,13.3166562369588,7.0,Medium Slow,45.0,0.6,17.5,48.6
730.0,Primarina,Water,Fairy,"['Liquid Voice', 'Torrent']",80.0,74.0,74.0,126.0,116.0,60.0,530.0,88.3333333333333,24.0393196428037,7.0,Medium Slow,45.0,1.8,44.0,13.6
731.0,Pikipek,Normal,Flying,"['Keen Eye', 'Pickup', 'Skill Link']",35.0,75.0,30.0,30.0,30.0,65.0,-265.0,44.1666666666667,18.5779140080066,7.0,Medium Fast,255.0,0.3,1.2,13.3
732.0,Trumbeak,Normal,Flying,"['Keen Eye', 'Pickup', 'Skill Link']",55.0,85.0,50.0,40.0,50.0,75.0,355.0,59.1666666666667,15.6569118567133,7.0,Medium Fast,120.0,0.6,14.8,41.1
733.0,Toucannon,Normal,Flying,"['Keen Eye', 'Sheer Force', 'Skill Link']",80.0,-120.0,75.0,75.0,75.0,60.0,485.0,80.8333333333333,18.5779140080066,7.0,Medium Fast,45.0,1.1,26.0,21.5
734.0,Yungoos,Normal,,"['Adaptability', 'Stakeout', 'Strong Jaw']",48.0,70.0,30.0,30.0,30.0,45.0,253.0,42.1666666666667,14.496168076043,7.0,Medium Fast,255.0,11.069696930743254,6.0,37.5
735.0,Gumshoos,Normal,,"['Adaptability', 'Stakeout', 'Strong Jaw']",88.0,110.0,60.0,55.0,60.0,45.0,418.0,69.6666666666667,22.261077142752,7.0,Medium Fast,127.0,0.7,14.2,29.0
736.0,Grubbin,Bug,,['Swarm'],47.0,62.0,45.0,55.0,45.0,46.0,300.0,50.0,6.37704215656966,7.0,Medium Fast,255.0,0.4,4.4,27.5
737.0,Charjabug,Bug,Electric,['Battery'],57.0,82.0,95.0,55.0,75.0,36.0,400.0,66.6666666666667,19.4821855949366,7.0,Medium Fast,120.0,0.5,10.5,42.0
738.0,Vikavolt,Bug,Electric,['Levitate'],77.0,70.0,90.0,145.0,75.0,43.0,500.0,83.3333333333333,30.9874526578456,7.0,Medium Fast,45.0,1.5,45.0,20.0
739.0,Crabrawler,Fighting,,"['Anger Point', 'Hyper Cutter', 'Iron Fist']",47.0,82.0,57.0,42.0,47.0,63.0,338.0,56.3333333333333,13.4370962471643,7.0,Medium Fast,225.0,0.6,7.0,19.4
740.0,Crabominable,Fighting,Ice,"['Anger Point', 'Hyper Cutter', 'Iron Fist']",97.0,132.0,77.0,62.0,67.0,43.0,478.0,79.6666666666667,28.4702573847789,7.0,Medium Fast,60.0,1.7,180.0,62.3
741.0,Oricorio Baile Style,Fire,Flying,['Dancer'],75.0,70.0,70.0,98.0,70.0,93.0,476.0,79.3333333333333,11.6571389666971,7.0,Medium Fast,45.0,0.6,3.4,9.4
741.0,Oricorio Pom-Pom Style,Electric,Flying,['Dancer'],75.0,70.0,,98.0,70.0,93.0,476.0,79.3333333333333,11.6571389666971,7.0,Medium Fast,45.0,0.6,3.4,9.4
741.0,Oricorio Pa'u Style,Psychic,Flying,['Dancer'],75.0,70.0,70.0,98.0,70.0,-93.0,476.0,79.3333333333333,11.6571389666971,7.0,Medium Fast,45.0,0.6,3.4,9.4
741.0,Oricorio Sensu Style,Ghost,Flying,['Dancer'],75.0,464.5873582778636,70.0,98.0,70.0,93.0,476.0,79.3333333333333,11.6571389666971,7.0,Medium Fast,45.0,0.6,3.4,9.4
742.0,Cutiefly,Bug,Fairy,"['Honey Gather', 'Shield Dust', 'Sweet Veil']",40.0,45.0,40.0,55.0,40.0,84.0,304.0,50.6666666666667,15.8289467607784,7.0,Medium Fast,190.0,0.1,0.2,20.0
743.0,Ribombee,Bug,Fairy,"['Honey Gather', 'Shield Dust', 'Sweet Veil']",60.0,55.0,60.0,95.0,70.0,124.0,464.0,77.3333333333333,24.6418794377016,7.0,Medium Fast,75.0,0.2,0.5,12.5
744.0,Rockruff,Rock,,"['Keen Eye', 'Steadfast', 'Vital Spirit']",,65.0,40.0,30.0,40.0,60.0,280.0,46.6666666666667,12.1335164821342,7.0,Medium Fast,190.0,0.5,9.2,36.8
745.0,Lycanroc,Rock,,"['Keen Eye', 'Sand Rush', 'Steadfast']",75.0,,65.0,55.0,65.0,112.0,487.0,81.1666666666667,23.5967276450688,7.0,Medium Fast,90.0,0.8,25.0,39.1
745.0,Lycanroc Midnight,Rock,,"['Keen Eye', 'No Guard', 'Vital Spirit']",85.0,115.0,75.0,55.0,75.0,82.0,487.0,81.1666666666667,17.8924254613199,7.0,Medium Fast,90.0,1.1,25.0,20.7
745.0,Lycanroc Dusk,Rock,,['Tough Claws'],75.0,117.0,65.0,55.0,65.0,110.0,487.0,81.1666666666667,23.6672535138509,7.0,Medium Fast,90.0,0.8,25.0,39.1
746.0,Wishiwashi,Water,,['Schooling'],45.0,20.0,20.0,25.0,25.0,40.0,175.0,-29.1666666666667,9.75391659226635,7.0,Fast,60.0,0.2,0.3,7.5
746.0,Wishiwashi School,Water,,['Schooling'],45.0,140.0,130.0,140.0,135.0,30.0,620.0,103.333333333333,46.8745370347508,7.0,Fast,60.0,8.2,78.6,1.2
747.0,Mareanie,Poison,Water,"['Limber', 'Merciless', 'Regenerator']",50.0,53.0,62.0,43.0,52.0,45.0,305.0,50.8333333333333,6.14862224856557,7.0,Medium Fast,190.0,0.4,8.0,50.0
748.0,Toxapex,Poison,Water,"['Limber', 'Merciless', 'Regenerator']",50.0,63.0,152.0,53.0,142.0,35.0,495.0,82.5,46.4282600722161,7.0,Medium Fast,75.0,0.7,14.5,29.6
749.0,Mudbray,Ground,,"['Inner Focus', 'Own Tempo', 'Stamina']",70.0,100.0,70.0,45.0,55.0,45.0,385.0,64.1666666666667,19.0211870175222,7.0,Medium Fast,190.0,1.0,110.0,110.0
750.0,Mudsdale,Ground,,"['Inner Focus', 'Own Tempo', 'Stamina']",100.0,125.0,100.0,55.0,85.0,35.0,500.0,83.3333333333333,30.092450142113,7.0,Medium Fast,60.0,2.5,920.0,147.2
751.0,Dewpider,Water,Bug,"['Water Absorb', 'Water Bubble']",38.0,40.0,52.0,40.0,72.0,27.0,269.0,44.8333333333333,14.147045235274,7.0,Medium Fast,200.0,0.3,4.0,44.4
752.0,Araquanid,Water,Bug,"['Water Absorb', 'Water Bubble']",68.0,70.0,92.0,50.0,132.0,42.0,454.0,75.6666666666667,29.7862757360201,7.0,Medium Fast,100.0,1.8,82.0,25.3
753.0,Fomantis,Grass,,"['Contrary', 'Leaf Guard']",40.0,55.0,35.0,50.0,35.0,35.0,250.0,41.6666666666667,7.99305253885453,7.0,Medium Fast,190.0,0.3,1.5,16.7
754.0,Lurantis,Grass,,"['Contrary', 'Leaf Guard']",70.0,105.0,90.0,80.0,90.0,45.0,480.0,80.0,18.9296944860009,7.0,Medium Fast,75.0,0.9,18.5,22.8
755.0,Morelull,Grass,Fairy,"['Effect Spore', 'Illuminate', 'Rain Dish']",40.0,35.0,55.0,65.0,75.0,15.0,285.0,47.5,19.947848672643,7.0,Medium Fast,190.0,0.2,1.5,37.5
756.0,Shiinotic,Grass,Fairy,"['Effect Spore', 'Illuminate', 'Rain Dish']",60.0,45.0,80.0,90.0,100.0,30.0,405.0,67.5,24.7907913010725,7.0,Medium Fast,75.0,1.0,11.5,11.5
757.0,Salandit,Poison,Fire,"['Corrosion', 'Oblivious']",48.0,44.0,40.0,71.0,40.0,77.0,320.0,53.3333333333333,14.9629171249756,7.0,Medium Fast,120.0,0.6,4.8,13.3
758.0,Salazzle,Poison,Fire,"['Corrosion', 'Oblivious']",68.0,64.0,60.0,111.0,-60.0,117.0,480.0,80.0,24.2555835496352,7.0,Medium Fast,45.0,1.2,22.2,15.4
759.0,Stufful,Normal,Fighting,"['Cute Charm', 'Fluffy', 'Klutz']",-70.0,75.0,50.0,45.0,50.0,50.0,340.0,56.6666666666667,11.4260910006684,7.0,Medium Fast,140.0,0.5,6.8,27.2
760.0,Bewear,Normal,Fighting,"['Fluffy', 'Klutz', 'Unnerve']",120.0,125.0,80.0,55.0,60.0,60.0,500.0,83.3333333333333,28.8193607763176,7.0,Medium Fast,70.0,2.1,135.0,30.6
761.0,Bounsweet,Grass,,"['Leaf Guard', 'Oblivious', 'Sweet Veil']",42.0,30.0,38.0,30.0,38.0,32.0,210.0,35.0,4.58257569495584,7.0,Medium Slow,235.0,0.3,3.2,35.6
762.0,Steenee,Grass,,"['Leaf Guard', 'Oblivious', 'Sweet Veil']",52.0,40.0,48.0,40.0,48.0,62.0,290.0,48.3333333333333,7.52034278178565,7.0,Medium Slow,120.0,0.7,8.2,16.7
763.0,Tsareena,Grass,,"['Leaf Guard', 'Queenly Majesty', 'Sweet Veil']",72.0,120.0,98.0,50.0,98.0,72.0,510.0,85.0,22.8254244210267,7.0,Medium Slow,45.0,1.2,21.4,14.9
764.0,Comfey,Fairy,,"['Flower Veil', 'Natural Cure', 'Triage']",51.0,52.0,90.0,82.0,110.0,100.0,485.0,80.8333333333333,22.4530374089763,7.0,Fast,60.0,0.1,0.3,30.0
765.0,Oranguru,Normal,Psychic,"['Inner Focus', 'Symbiosis', 'Telepathy']",90.0,60.0,80.0,90.0,110.0,60.0,490.0,81.6666666666667,17.7169096878911,7.0,Slow,45.0,1.5,76.0,33.8
766.0,Passimian,Fighting,,"['Defiant', 'Receiver']",100.0,120.0,90.0,40.0,60.0,80.0,490.0,81.6666666666667,26.0874597374975,7.0,Slow,45.0,2.0,82.8,20.7
767.0,Wimpod,Bug,Water,['Wimp Out'],25.0,35.0,40.0,20.0,30.0,80.0,230.0,38.3333333333333,19.7202659436654,7.0,Medium Fast,90.0,0.5,12.0,48.0
768.0,Golisopod,Bug,Water,['Emergency Exit'],75.0,125.0,140.0,60.0,445.05065566753825,40.0,530.0,88.3333333333333,34.960294939005,7.0,Medium Fast,45.0,2.0,108.0,27.0
769.0,Sandygast,Ghost,Ground,"['Sand Veil', 'Water Compaction']",55.0,55.0,80.0,70.0,45.0,15.0,320.0,53.3333333333333,20.5480466765633,7.0,Medium Fast,140.0,0.5,70.0,280.0
4608.165688039293,Palossand,Ghost,Ground,"['Sand Veil', 'Water Compaction']",85.0,75.0,110.0,100.0,75.0,35.0,480.0,80.0,23.8047614284762,7.0,Medium Fast,60.0,1.3,250.0,147.9
771.0,Pyukumuku,Water,,"['Innards Out', 'Unaware']",55.0,60.0,130.0,30.0,130.0,5.0,410.0,68.3333333333333,47.1404520791032,7.0,Fast,60.0,0.3,1.2,13.3
772.0,Type: Null,Normal,,['Battle Armor'],95.0,95.0,95.0,95.0,95.0,59.0,534.0,89.0,13.4164078649987,7.0,Slow,3.0,1.9,120.5,33.4
773.0,Silvally,Normal,,['RKS System'],95.0,95.0,95.0,95.0,95.0,95.0,570.0,-236.48274356608607,0.0,7.0,Slow,3.0,2.3,100.5,19.0
774.0,Minior Meteor Form,Rock,Flying,['Shields Down'],60.0,60.0,100.0,60.0,100.0,60.0,440.0,73.3333333333333,18.8561808316413,7.0,Medium Slow,30.0,0.3,40.0,444.4
774.0,Minior Core Form,Rock,Flying,['Shields Down'],60.0,100.0,60.0,100.0,60.0,120.0,500.0,83.3333333333333,24.2670329642684,7.0,Medium Slow,30.0,0.3,0.3,3.3
775.0,Komala,Normal,,['Comatose'],65.0,115.0,65.0,75.0,95.0,65.0,480.0,80.0,18.9296944860009,7.0,Slow,45.0,0.4,569.8062116819126,124.4
776.0,Turtonator,Fire,Dragon,['Shell Armor'],60.0,78.0,135.0,91.0,85.0,36.0,485.0,80.8333333333333,30.2953058336693,7.0,Medium Fast,70.0,2.0,212.0,53.0
777.0,Togedemaru,Electric,Steel,"['Iron Barbs', 'Lightning Rod', 'Sturdy']",65.0,98.0,63.0,40.0,73.0,96.0,435.0,72.5,20.0229035523489,7.0,Medium Fast,180.0,0.3,3.3,36.7
778.0,Mimikyu,Ghost,Fairy,['Disguise'],55.0,90.0,80.0,50.0,105.0,96.0,476.0,79.3333333333333,20.4260182664714,7.0,Medium Fast,45.0,0.2,0.7,17.5
779.0,Bruxish,Water,Psychic,"['Dazzling', 'Strong Jaw', 'Wonder Skin']",68.0,105.0,70.0,70.0,70.0,92.0,475.0,79.1666666666667,14.1940911023645,7.0,Medium Fast,80.0,0.9,19.0,23.5
780.0,Drampa,Normal,Dragon,"['Berserk', 'Cloud Nine', 'Sap Sipper']",78.0,60.0,85.0,135.0,91.0,36.0,485.0,80.8333333333333,30.2953058336693,7.0,Medium Fast,70.0,3.0,185.0,20.6
781.0,Dhelmise,Ghost,Grass,['Steelworker'],70.0,131.0,100.0,86.0,90.0,40.0,517.0,86.1666666666667,27.7153186683626,7.0,Medium Fast,25.0,3.9,210.0,13.8
782.0,Jangmo-o,Dragon,,"['Bulletproof', 'Overcoat', 'Soundproof']",45.0,55.0,65.0,45.0,45.0,45.0,-300.0,50.0,7.63762615825973,7.0,Slow,45.0,0.6,29.7,82.5
783.0,Hakamo-o,Dragon,Fighting,"['Bulletproof', 'Overcoat', 'Soundproof']",55.0,75.0,90.0,65.0,70.0,65.0,420.0,70.0,10.8012344973464,7.0,Slow,45.0,1.2,47.0,32.6
784.0,Kommo-o,Dragon,Fighting,"['Bulletproof', 'Overcoat', 'Soundproof']",75.0,110.0,125.0,100.0,105.0,85.0,600.0,100.0,16.3299316185545,7.0,Slow,45.0,1.6,78.2,30.5
785.0,Tapu Koko,Electric,Fairy,"['Electric Surge', 'Telepathy']",70.0,115.0,85.0,95.0,75.0,130.0,570.0,95.0,21.4087209644419,7.0,Slow,3.0,1.8,20.5,6.3
786.0,Tapu Lele,Psychic,Fairy,"['Psychic Surge', 'Telepathy']",70.0,85.0,75.0,130.0,115.0,95.0,570.0,95.0,21.4087209644419,7.0,Slow,3.0,1.2,18.6,12.9
787.0,Tapu Bulu,Grass,Fairy,"['Grassy Surge', 'Telepathy']",70.0,130.0,115.0,85.0,95.0,75.0,570.0,95.0,21.4087209644419,7.0,Slow,3.0,1.9,45.5,12.6
788.0,Tapu Fini,Water,Fairy,"['Misty Surge', 'Telepathy']",70.0,75.0,115.0,95.0,130.0,85.0,570.0,95.0,21.4087209644419,-7.0,Slow,3.0,1.3,21.2,12.5
789.0,Cosmog,Psychic,,['Unaware'],43.0,29.0,31.0,29.0,31.0,37.0,200.0,33.3333333333333,5.08811250749125,-7.0,Slow,45.0,0.2,0.1,2.5
790.0,Cosmoem,Psychic,,['Sturdy'],-43.0,29.0,131.0,29.0,131.0,37.0,400.0,66.6666666666667,45.7444592880444,7.0,Slow,45.0,0.1,999.9,99990.0
791.0,Solgaleo,Psychic,Steel,['Full Metal Body'],137.0,137.0,107.0,113.0,89.0,97.0,680.0,113.333333333333,18.3454505410894,7.0,Slow,45.0,3.4,230.0,19.9
792.0,Lunala,Psychic,Ghost,['Shadow Shield'],137.0,113.0,89.0,137.0,107.0,97.0,680.0,113.333333333333,18.3454505410894,7.0,Slow,45.0,4.0,120.0,7.5
793.0,Nihilego,Rock,Poison,['Beast Boost'],109.0,53.0,47.0,127.0,131.0,103.0,570.0,95.0,33.2866339541865,7.0,Slow,45.0,1.2,55.5,38.5
794.0,Buzzwole,Bug,Fighting,['Beast Boost'],107.0,139.0,139.0,53.0,53.0,79.0,570.0,95.0,36.0555127546399,7.0,Slow,45.0,2.4,333.6,-57.9
795.0,Pheromosa,Bug,Fighting,['Beast Boost'],71.0,137.0,37.0,137.0,37.0,,570.0,95.0,48.2493523272593,7.0,Slow,45.0,1.8,25.0,7.7
796.0,Xurkitree,Electric,,['Beast Boost'],83.0,89.0,71.0,173.0,71.0,83.0,570.0,95.0,35.4964786985977,7.0,Slow,45.0,3.8,100.0,6.9
797.0,Celesteela,Steel,Flying,['Beast Boost'],97.0,101.0,103.0,107.0,436.52958795828846,61.0,570.0,95.0,15.4919333848297,7.0,Slow,45.0,9.2,999.9,11.8
798.0,Kartana,Grass,Steel,['Beast Boost'],59.0,181.0,131.0,59.0,31.0,109.0,570.0,95.0,50.950956811428,7.0,Slow,45.0,0.3,0.1,1.1
799.0,Guzzlord,Dark,Dragon,['Beast Boost'],223.0,101.0,53.0,97.0,53.0,43.0,570.0,95.0,61.4491659829489,7.0,Slow,45.0,5.5,888.0,29.4
800.0,Necrozma,Psychic,,['Prism Armor'],97.0,107.0,101.0,127.0,89.0,79.0,600.0,100.0,15.0,7.0,Slow,255.0,2.4,230.0,39.9
800.0,Dusk Mane Necrozma,Psychic,Steel,['Prism Armor'],97.0,157.0,127.0,113.0,109.0,77.0,680.0,113.333333333333,24.8305367552849,7.0,Slow,255.0,3.8,460.0,31.9
800.0,Dawn Wings Necrozma,Psychic,Ghost,['Prism Armor'],97.0,113.0,109.0,157.0,127.0,77.0,680.0,113.333333333333,24.8305367552849,7.0,Slow,255.0,4.2,350.0,19.8
800.0,Ultra Necrozma,Psychic,Dragon,['Prism Armor'],97.0,167.0,97.0,167.0,97.0,129.0,754.0,125.666666666667,31.3404247294484,7.0,Slow,255.0,7.5,230.0,4.1
801.0,Magearna,Steel,,['Soul-Heart'],80.0,95.0,115.0,130.0,115.0,65.0,600.0,100.0,22.3606797749979,7.0,Slow,-3.0,1.0,80.5,80.5
802.0,Marshadow,Fighting,Ghost,['Technician'],90.0,125.0,80.0,90.0,90.0,125.0,600.0,100.0,18.0277563773199,7.0,Slow,3.0,0.7,22.2,45.3
803.0,Poipole,Poison,,['Beast Boost'],67.0,73.0,67.0,73.0,67.0,73.0,420.0,70.0,3.0,7.0,Slow,45.0,0.6,1.8,5.0
804.0,Naganadel,Poison,Dragon,['Beast Boost'],73.0,73.0,73.0,127.0,73.0,121.0,540.0,90.0,24.1039415863879,7.0,Slow,45.0,3.6,150.0,11.6
805.0,Stakataka,Rock,Steel,['Beast Boost'],61.0,131.0,211.0,53.0,101.0,13.0,-570.0,95.0,63.8122245341753,7.0,Slow,30.0,5.5,820.0,27.1
806.0,Blacephalon,Fire,Ghost,['Beast Boost'],53.0,127.0,53.0,151.0,79.0,107.0,570.0,95.0,36.7151195013716,7.0,Slow,30.0,1.8,13.0,4.0
807.0,Zeraora,Electric,,['Volt Absorb'],88.0,112.0,468.1225618981495,102.0,80.0,143.0,600.0,100.0,22.9709962053601,7.0,Slow,3.0,1.5,44.5,19.8
808.0,Meltan,Steel,,['Magnet Pull'],46.0,65.0,65.0,55.0,35.0,34.0,300.0,50.0,12.7279220613579,7.0,Slow,3.0,0.2,8.0,200.0
809.0,Melmetal,Steel,,['Iron Fist'],135.0,143.0,143.0,80.0,65.0,34.0,600.0,100.0,42.6301927433284,7.0,Slow,3.0,2.5,800.0,128.0
810.0,Grookey,Grass,,"['Grassy Surge', 'Overgrow']",50.0,65.0,50.0,40.0,40.0,65.0,310.0,51.6666666666667,10.2740233382816,8.0,Medium Slow,45.0,0.3,5.0,55.6
811.0,Thwackey,Grass,,"['Grassy Surge', 'Overgrow']",70.0,85.0,70.0,55.0,60.0,80.0,420.0,70.0,10.4083299973307,8.0,Medium Slow,45.0,0.7,14.0,28.6
812.0,Rillaboom,Grass,,"['Grassy Surge', 'Overgrow']",100.0,125.0,90.0,60.0,70.0,85.0,-530.0,88.3333333333333,20.9496751499609,8.0,Medium Slow,45.0,2.1,90.0,20.4
813.0,Scorbunny,Fire,,"['Blaze', 'Libero']",50.0,71.0,40.0,40.0,40.0,69.0,310.0,51.6666666666667,-98.03719998810377,8.0,Medium Slow,45.0,,4.5,50.0
814.0,Raboot,Fire,,"['Blaze', 'Libero']",65.0,86.0,60.0,55.0,60.0,94.0,420.0,70.0,14.6173412995205,8.0,Medium Slow,45.0,0.6,9.0,25.0
815.0,Cinderace,Fire,,"['Blaze', 'Libero']",80.0,116.0,75.0,65.0,75.0,119.0,530.0,88.3333333333333,21.1160812862825,8.0,Medium Slow,45.0,1.4,33.0,16.8
816.0,Sobble,Water,,"['Sniper', 'Torrent']",50.0,40.0,40.0,70.0,40.0,70.0,310.0,51.6666666666667,13.4370962471643,8.0,Medium Slow,45.0,0.3,4.0,44.4
817.0,Drizzile,Water,,"['Sniper', 'Torrent']",65.0,60.0,55.0,95.0,55.0,90.0,420.0,70.0,16.3299316185545,8.0,Medium Slow,45.0,0.7,11.5,241.08855364906964
818.0,Inteleon,Water,,"['Sniper', 'Torrent']",70.0,85.0,65.0,125.0,65.0,120.0,530.0,88.3333333333333,25.1108652888656,8.0,Medium Slow,45.0,1.9,45.2,12.5
819.0,Skwovet,Normal,,"['Cheek Pouch', 'Gluttony']",70.0,55.0,55.0,35.0,35.0,25.0,275.0,45.8333333333333,15.3884877605162,8.0,Medium Fast,255.0,0.3,2.5,27.8
820.0,Greedent,Normal,,"['Cheek Pouch', 'Gluttony']",120.0,95.0,95.0,55.0,75.0,20.0,460.0,76.6666666666667,32.2317993430229,8.0,Medium Fast,90.0,0.6,6.0,16.7
821.0,Rookidee,Flying,,"['Big Pecks', 'Keen Eye', 'Unnerve']",38.0,47.0,35.0,33.0,35.0,57.0,245.0,40.8333333333333,8.5326171574468,8.0,Medium Slow,255.0,0.2,1.8,45.0
822.0,Corvisquire,Flying,,"['Big Pecks', 'Keen Eye', 'Unnerve']",68.0,67.0,55.0,43.0,55.0,77.0,365.0,60.8333333333333,11.0817668065862,8.0,Medium Slow,120.0,0.8,16.0,25.0
823.0,Corviknight,Flying,Steel,"['Mirror Armor', 'Pressure', 'Unnerve']",98.0,87.0,105.0,53.0,85.0,67.0,495.0,82.5,17.7176936046052,8.0,Medium Slow,45.0,2.2,75.0,15.5
824.0,Blipbug,Bug,,"['Swarm', 'Telepathy']",25.0,20.0,20.0,25.0,45.0,45.0,180.0,374.3718127124183,10.8012344973464,8.0,Medium Fast,255.0,0.4,8.0,50.0
825.0,Dottler,Bug,Psychic,"['Swarm', 'Telepathy']",50.0,35.0,80.0,50.0,90.0,30.0,335.0,55.8333333333333,22.0636704914562,8.0,Medium Fast,120.0,0.4,19.5,121.9
826.0,Orbeetle,Bug,Psychic,"['Frisk', 'Swarm', 'Telepathy']",60.0,45.0,110.0,80.0,120.0,90.0,505.0,84.1666666666667,26.2069753225273,8.0,Medium Fast,45.0,0.4,40.8,255.0
827.0,Nickit,Dark,,"['Run Away', 'Stakeout', 'Unburden']",40.0,28.0,28.0,47.0,52.0,50.0,245.0,40.8333333333333,9.80504405338848,8.0,Fast,255.0,0.6,8.9,24.7
828.0,Thievul,Dark,,"['Run Away', 'Stakeout', 'Unburden']",70.0,58.0,58.0,87.0,92.0,90.0,455.0,75.8333333333333,14.4731552269097,8.0,Fast,127.0,1.2,19.9,13.8
829.0,Gossifleur,Grass,,"['Cotton Down', 'Effect Spore', 'Regenerator']",40.0,40.0,60.0,40.0,60.0,10.0,250.0,41.6666666666667,16.7497927018682,8.0,Medium Fast,190.0,0.4,2.2,13.8
830.0,Eldegoss,Grass,,"['Cotton Down', 'Effect Spore', 'Regenerator']",60.0,50.0,90.0,80.0,120.0,60.0,460.0,76.6666666666667,23.5702260395516,8.0,Medium Fast,75.0,0.5,2.5,10.0
-3480.6632843114226,Wooloo,Normal,,"['Bulletproof', 'Fluffy', 'Run Away']",42.0,40.0,55.0,40.0,45.0,48.0,270.0,45.0,5.29150262212918,8.0,Medium Fast,255.0,0.6,6.0,16.7
832.0,Dubwool,Normal,,"['Bulletproof', 'Fluffy', 'Steadfast']",72.0,80.0,100.0,60.0,90.0,88.0,490.0,81.6666666666667,12.9828947294336,8.0,Medium Fast,127.0,1.3,43.0,25.4
833.0,Chewtle,Water,,"['Shell Armor', 'Strong Jaw', 'Swift Swim']",50.0,64.0,50.0,38.0,38.0,44.0,284.0,47.3333333333333,8.91939210683977,8.0,Medium Fast,255.0,0.3,8.5,94.4
834.0,Drednaw,Water,Rock,"['Shell Armor', 'Strong Jaw', 'Swift Swim']",90.0,115.0,90.0,48.0,68.0,74.0,485.0,80.8333333333333,20.9158366369175,8.0,Medium Fast,75.0,1.0,115.5,115.5
835.0,Yamper,Electric,,"['Ball Fetch', 'Rattled']",59.0,45.0,50.0,40.0,50.0,26.0,270.0,45.0,10.2632028788938,8.0,Fast,255.0,0.3,13.5,150.0
836.0,Boltund,Electric,,"['Competitive', 'Strong Jaw']",69.0,90.0,60.0,90.0,60.0,121.0,490.0,81.6666666666667,21.5458168149231,8.0,Fast,45.0,1.0,34.0,34.0
837.0,Rolycoly,Rock,,"['Flash Fire', 'Heatproof', 'Steam Engine']",30.0,40.0,50.0,40.0,50.0,30.0,240.0,40.0,8.16496580927726,8.0,Medium Slow,255.0,0.3,12.0,133.3
838.0,Carkol,Rock,Fire,"['Flame Body', 'Flash Fire', 'Steam Engine']",80.0,60.0,90.0,60.0,70.0,50.0,410.0,68.3333333333333,13.4370962471642,8.0,Medium Slow,120.0,1.1,78.0,64.5
839.0,Coalossal,Rock,Fire,"['Flame Body', 'Flash Fire', 'Steam Engine']",110.0,80.0,120.0,80.0,90.0,30.0,510.0,85.0,28.7228132326901,8.0,Medium Slow,45.0,2.8,310.5,39.6
840.0,Applin,Grass,Dragon,"['Bulletproof', 'Gluttony', 'Ripen']",40.0,40.0,80.0,40.0,40.0,20.0,260.0,43.3333333333333,17.950549357115,8.0,Erratic,255.0,0.2,0.5,12.5
841.0,Flapple,Grass,Dragon,"['Gluttony', 'Hustle', 'Ripen']",70.0,110.0,80.0,95.0,60.0,70.0,485.0,80.8333333333333,16.935334527418,8.0,Erratic,45.0,0.3,1.0,11.1
842.0,Appletun,Grass,Dragon,"['Gluttony', 'Ripen', 'Thick Fat']",110.0,85.0,80.0,100.0,80.0,30.0,485.0,80.8333333333333,25.2350065495445,30.462571297523034,Erratic,45.0,0.4,13.0,81.3
843.0,Silicobra,Ground,,"['Sand Spit', 'Sand Veil', 'Shed Skin']",52.0,57.0,75.0,35.0,50.0,46.0,315.0,52.5,12.1209185570511,8.0,Medium Fast,255.0,2.2,7.6,1.6
844.0,Sandaconda,Ground,,"['Sand Spit', 'Sand Veil', 'Shed Skin']",72.0,107.0,125.0,65.0,70.0,71.0,510.0,85.0,22.6347814951533,8.0,Medium Fast,120.0,3.8,65.5,4.5
845.0,Cramorant,Flying,Water,['Gulp Missile'],70.0,85.0,55.0,85.0,95.0,85.0,475.0,-79.1666666666667,13.0437298687488,8.0,Medium Fast,45.0,0.8,18.0,28.1
846.0,Arrokuda,Water,,"['Propeller Tail', 'Swift Swim']",41.0,63.0,40.0,-40.0,30.0,66.0,280.0,46.6666666666667,13.1613913482664,8.0,Slow,255.0,0.5,1.0,4.0
847.0,Barraskewda,Water,,"['Propeller Tail', 'Swift Swim']",61.0,123.0,60.0,60.0,50.0,136.0,490.0,81.6666666666667,34.2279937413158,8.0,Slow,60.0,1.3,30.0,17.8
848.0,Toxel,Electric,Poison,"['Klutz', 'Rattled', 'Static']",40.0,38.0,35.0,54.0,35.0,40.0,242.0,40.3333333333333,6.44635986860457,8.0,Medium Slow,75.0,0.4,11.0,68.8
849.0,Toxtricity,Electric,Poison,"['Plus', 'Punk Rock', 'Technician']",389.6367806857106,98.0,70.0,114.0,70.0,75.0,502.0,83.6666666666667,16.5797734872612,8.0,Medium Slow,45.0,1.6,40.0,15.6
850.0,Sizzlipede,Fire,Bug,"['Flame Body', 'Flash Fire', 'White Smoke']",50.0,65.0,45.0,50.0,50.0,45.0,305.0,50.8333333333333,6.71854812358212,8.0,Medium Fast,190.0,0.7,1.0,2.0
851.0,Centiskorch,Fire,Bug,"['Flame Body', 'Flash Fire', 'White Smoke']",100.0,115.0,65.0,90.0,-317.7673382932825,65.0,525.0,87.5,17.9698822107065,8.0,Medium Fast,75.0,3.0,120.0,13.3
852.0,Clobbopus,Fighting,,"['Limber', 'Technician']",50.0,68.0,60.0,50.0,50.0,32.0,310.0,51.6666666666667,11.0403301077861,8.0,Medium Slow,180.0,0.6,4.0,11.1
853.0,Grapploct,Fighting,,"['Limber', 'Technician']",80.0,118.0,90.0,70.0,80.0,42.0,480.0,80.0,-22.6862660362314,8.0,Medium Slow,45.0,1.6,39.0,15.2
854.0,Sinistea,Ghost,,"['Cursed Body', 'Weak Armor']",40.0,45.0,45.0,74.0,54.0,50.0,308.0,51.3333333333333,11.0403301077861,8.0,Medium Fast,120.0,0.1,0.2,20.0
855.0,Polteageist,Ghost,,"['Cursed Body', 'Weak Armor']",60.0,65.0,65.0,134.0,114.0,70.0,508.0,84.6666666666667,28.5520966344369,8.0,Medium Fast,60.0,0.2,0.4,10.0
856.0,Hatenna,Psychic,,"['Anticipation', 'Healer', 'Magic Bounce']",42.0,30.0,45.0,56.0,53.0,39.0,265.0,44.1666666666667,8.66826908263056,8.0,Slow,235.0,0.4,3.4,21.3
857.0,Hattrem,Psychic,,"['Anticipation', 'Healer', 'Magic Bounce']",57.0,40.0,65.0,86.0,73.0,49.0,370.0,61.6666666666667,15.1840559652405,8.0,Slow,120.0,0.6,4.8,13.3
858.0,Hatterene,Psychic,Fairy,"['Anticipation', 'Healer', 'Magic Bounce']",57.0,90.0,95.0,136.0,103.0,29.0,510.0,85.0,34.0832314586905,8.0,Slow,45.0,2.1,5.0,1.1
859.0,Impidimp,Dark,Fairy,"['Frisk', 'Pickpocket', 'Prankster']",45.0,45.0,30.0,55.0,40.0,50.0,265.0,44.1666666666667,7.8616509433805,8.0,Medium Fast,255.0,0.4,5.5,34.4
860.0,Morgrem,Dark,Fairy,"['Frisk', 'Pickpocket', 'Prankster']",65.0,60.0,45.0,75.0,55.0,70.0,370.0,61.6666666666667,9.86013297183269,8.0,Medium Fast,120.0,0.8,12.5,19.5
861.0,Grimmsnarl,Dark,Fairy,"['Frisk', 'Pickpocket', 'Prankster']",95.0,120.0,65.0,95.0,75.0,60.0,510.0,85.0,20.6155281280883,8.0,Medium Fast,45.0,1.5,61.0,27.1
862.0,Obstagoon,Dark,Normal,"['Defiant', 'Guts', 'Reckless']",93.0,90.0,101.0,60.0,81.0,95.0,520.0,86.6666666666667,13.3499895963339,8.0,Medium Fast,45.0,1.6,46.0,18.0
863.0,Perrserker,Steel,,"['Battle Armor', 'Steely Spirit', 'Tough Claws']",70.0,110.0,100.0,50.0,60.0,50.0,440.0,73.3333333333333,23.5702260395516,8.0,Medium Fast,90.0,0.8,28.0,43.8
864.0,Cursola,Ghost,,"['Perish Body', 'Weak Armor']",60.0,95.0,50.0,145.0,130.0,30.0,510.0,85.0,42.0317340430616,8.0,Fast,30.0,1.0,0.4,0.4
-3983.298551722596,Sirfetch'd,Fighting,,"['Scrappy', 'Steadfast']",62.0,135.0,95.0,68.0,82.0,65.0,507.0,84.5,25.2504125378841,8.0,Medium Fast,45.0,0.8,117.0,182.8
866.0,Mr. Rime,Ice,Psychic,"['Ice Body', 'Screen Cleaner', 'Tangled Feet']",80.0,85.0,75.0,110.0,100.0,70.0,520.0,86.6666666666667,14.0435829552939,8.0,Medium Fast,45.0,1.5,58.2,25.9
867.0,Runerigus,Ground,Ghost,['Wandering Spirit'],58.0,95.0,145.0,50.0,105.0,30.0,483.0,80.5,38.6382798098811,8.0,Medium Fast,90.0,1.6,66.6,26.0
868.0,Milcery,Fairy,,"['Aroma Veil', 'Sweet Veil']",45.0,40.0,40.0,50.0,61.0,-326.1130056946031,270.0,45.0,8.67947771086102,8.0,Medium Fast,200.0,0.2,0.3,7.5
869.0,Alcremie,Fairy,,"['Aroma Veil', 'Sweet Veil']",65.0,60.0,75.0,110.0,121.0,64.0,495.0,82.5,23.9774199334846,8.0,Medium Fast,100.0,0.3,0.5,5.6
870.0,Falinks,Fighting,,"['Battle Armor', 'Defiant']",65.0,100.0,100.0,70.0,60.0,75.0,470.0,78.3333333333333,15.9861050777091,8.0,Medium Fast,45.0,3.0,62.0,6.9
871.0,Pincurchin,Electric,,"['Electric Surge', 'Lightning Rod']",48.0,101.0,95.0,91.0,85.0,15.0,435.0,72.5,30.8855413853581,8.0,Medium Fast,75.0,0.3,1.0,11.1
872.0,Snom,Ice,Bug,"['Ice Scales', 'Shield Dust']",30.0,25.0,35.0,45.0,30.0,20.0,185.0,30.8333333333333,7.8616509433805,8.0,Medium Fast,190.0,0.3,3.8,42.2
873.0,Frosmoth,Ice,Bug,"['Ice Scales', 'Shield Dust']",70.0,65.0,60.0,125.0,90.0,65.0,475.0,79.1666666666667,22.6231199341637,8.0,Medium Fast,75.0,1.3,42.0,24.9
874.0,Stonjourner,Rock,,['Power Spot'],100.0,125.0,135.0,20.0,20.0,70.0,470.0,78.3333333333333,46.0675832036175,8.0,Slow,60.0,2.5,520.0,83.2
875.0,Eiscue,Ice,,['Ice Face'],75.0,80.0,110.0,65.0,90.0,50.0,470.0,78.3333333333333,18.8561808316413,8.0,Slow,60.0,1.4,89.0,45.4
875.0,Eiscue Noice Face,Ice,,['Ice Face'],75.0,80.0,70.0,65.0,50.0,130.0,470.0,78.3333333333333,24.9443825784929,8.0,Slow,60.0,1.4,89.0,45.4
876.0,Indeedee,Psychic,Normal,"['Inner Focus', 'Psychic Surge', 'Synchronize']",60.0,65.0,55.0,105.0,95.0,95.0,475.0,79.1666666666667,19.6673728686766,8.0,Fast,-30.0,0.9,28.0,34.6
877.0,Morpeko,Electric,Dark,['Hunger Switch'],58.0,95.0,58.0,70.0,58.0,97.0,436.0,72.6666666666667,17.0456902340608,8.0,Medium Fast,180.0,0.3,3.0,33.3
878.0,Cufant,Steel,,"['Heavy Metal', 'Sheer Force']",72.0,80.0,49.0,40.0,49.0,40.0,330.0,55.0,15.4704018478297,8.0,Medium Fast,190.0,1.2,100.0,69.4
879.0,Copperajah,Steel,,"['Heavy Metal', 'Sheer Force']",122.0,130.0,69.0,80.0,69.0,30.0,500.0,83.3333333333333,34.0081689532906,8.0,Medium Fast,90.0,3.0,650.0,-190.69373463575528
880.0,Dracozolt,Electric,Dragon,"['Hustle', 'Sand Rush', 'Volt Absorb']",90.0,100.0,90.0,80.0,70.0,75.0,505.0,84.1666666666667,10.1721296797781,8.0,Slow,45.0,1.8,190.0,58.6
881.0,Arctozolt,Electric,Ice,"['Slush Rush', 'Static', 'Volt Absorb']",90.0,100.0,90.0,90.0,80.0,55.0,505.0,84.1666666666667,14.2643689738531,31.422797383223344,Slow,45.0,2.3,150.0,28.4
882.0,Dracovish,Water,Dragon,"['Sand Rush', 'Strong Jaw', 'Water Absorb']",90.0,90.0,100.0,70.0,80.0,75.0,505.0,84.1666666666667,10.1721296797781,8.0,Slow,45.0,2.3,215.0,40.6
883.0,Arctovish,Water,Ice,"['Ice Body', 'Slush Rush', 'Water Absorb']",90.0,90.0,100.0,80.0,90.0,55.0,505.0,84.1666666666667,14.2643689738531,8.0,Slow,45.0,2.0,596.2763275770187,43.8
884.0,Duraludon,Steel,Dragon,"['Heavy Metal', 'Light Metal', 'Stalwart']",70.0,95.0,115.0,120.0,50.0,85.0,535.0,89.1666666666667,24.3954686138407,8.0,Medium Fast,45.0,-1.8,40.0,12.3
885.0,Dreepy,Dragon,Ghost,"['Clear Body', 'Cursed Body', 'Infiltrator']",28.0,60.0,30.0,40.0,30.0,82.0,270.0,45.0,19.824227601599,8.0,Slow,45.0,0.5,2.0,8.0
886.0,Drakloak,Dragon,Ghost,"['Clear Body', 'Cursed Body', 'Infiltrator']",68.0,80.0,50.0,60.0,50.0,102.0,410.0,68.3333333333333,18.3090748598126,8.0,Slow,45.0,1.4,11.0,5.6
887.0,Dragapult,Dragon,Ghost,"['Clear Body', 'Cursed Body', 'Infiltrator']",88.0,120.0,75.0,100.0,75.0,142.0,600.0,100.0,24.3515913237718,8.0,Slow,45.0,3.0,50.0,5.6
888.0,Zacian,Fairy,,['Intrepid Sword'],-239.04129235541387,130.0,115.0,80.0,115.0,138.0,670.0,111.666666666667,20.1714870272097,8.0,Slow,10.0,2.8,110.0,14.0
888.0,Zacian Crowned Sword,Fairy,Steel,['Intrepid Sword'],92.0,170.0,115.0,80.0,115.0,148.0,720.0,120.0,30.8706980808663,8.0,Slow,10.0,2.8,355.0,45.3
889.0,Zamazenta,Fighting,,['Dauntless Shield'],92.0,130.0,115.0,80.0,115.0,138.0,670.0,111.666666666667,20.1714870272097,8.0,Slow,-10.0,2.9,210.0,25.0
889.0,Zamazenta Crowned Shield,Fighting,Steel,['Dauntless Shield'],92.0,130.0,145.0,80.0,145.0,128.0,720.0,120.0,25.1594912508183,8.0,Slow,10.0,2.9,785.0,93.3
890.0,Eternatus,Poison,Dragon,['Pressure'],140.0,85.0,95.0,145.0,95.0,130.0,690.0,115.0,23.9791576165636,8.0,Slow,255.0,20.0,950.0,2.4
891.0,Kubfu,Fighting,,['Inner Focus'],60.0,90.0,60.0,53.0,50.0,72.0,385.0,64.1666666666667,13.4711626158332,8.0,Slow,3.0,0.6,12.0,33.3
892.0,Urshifu Rapid Strike Style,Fighting,Water,['Unseen Fist'],100.0,130.0,-321.17476892351385,63.0,60.0,97.0,550.0,91.6666666666667,24.0185113795358,8.0,Slow,3.0,1.9,105.0,29.1
892.0,Urshifu Single Strike Style,Fighting,Dark,['Unseen Fist'],100.0,130.0,100.0,63.0,60.0,97.0,550.0,91.6666666666667,24.0185113795358,8.0,Slow,3.0,1.9,105.0,29.1
893.0,Zarude,Dark,Grass,['Leaf Guard'],105.0,120.0,105.0,70.0,95.0,105.0,600.0,100.0,15.2752523165195,8.0,Slow,3.0,1.8,70.0,21.6
894.0,Regieleki,Electric,,['Transistor'],80.0,100.0,50.0,100.0,50.0,200.0,580.0,96.6666666666667,50.5525029603437,8.0,Slow,3.0,1.2,145.0,100.7
895.0,Regidrago,Dragon,,"[""Dragon's Maw""]",200.0,100.0,50.0,100.0,50.0,80.0,580.0,96.6666666666667,50.5525029603437,8.0,Slow,3.0,2.1,200.0,45.4
896.0,Glastrier,Ice,,['Chilling Neigh'],100.0,145.0,130.0,65.0,110.0,30.0,580.0,96.6666666666667,38.9087250997625,8.0,Slow,3.0,2.2,800.0,165.3
897.0,Spectrier,Ghost,,['Grim Neigh'],100.0,65.0,60.0,145.0,80.0,130.0,580.0,96.6666666666667,31.8416219575713,8.0,Slow,3.0,2.0,44.5,11.1
898.0,Calyrex,Psychic,Grass,['Unnerve'],100.0,80.0,80.0,80.0,80.0,80.0,500.0,83.3333333333333,7.4535599249993,8.0,Slow,3.0,1.1,7.7,6.4
898.0,Calyrex Ice Rider,Psychic,Ice,['As One'],100.0,165.0,150.0,85.0,130.0,50.0,680.0,113.333333333333,39.3347457373532,8.0,Slow,3.0,2.4,809.1,140.5
898.0,Calyrex Shadow Rider,Psychic,Ghost,['As One'],100.0,85.0,80.0,165.0,100.0,150.0,680.0,113.333333333333,32.3608130649127,8.0,Slow,3.0,2.4,53.6,9.3
376.0,Mega Metagross,Steel,Psychic,['Tough Claws'],80.0,145.0,150.0,105.0,110.0,110.0,700.0,116.666666666667,24.0947204913349,6.0,Slow,3.0,2.5,942.9,150.9
825.0,Dottler,Bug,Psychic,"['Swarm', 'Telepathy']",50.0,35.0,80.0,50.0,90.0,30.0,335.0,55.8333333333333,22.0636704914562,8.0,Medium Fast,120.0,0.4,19.5,121.9
443.0,Gible,Dragon,Ground,"['Rough Skin', 'Sand Veil']",58.0,70.0,45.0,40.0,45.0,42.0,300.0,50.0,10.6301458127347,4.0,Slow,45.0,0.7,20.5,41.8
650.0,Chespin,Grass,,"['Bulletproof', 'Overgrow']",56.0,61.0,65.0,48.0,45.0,38.0,313.0,52.1666666666667,9.3704618645804,6.0,Medium Slow,45.0,0.4,9.0,56.3
286.0,Breloom,Grass,Fighting,"['Effect Spore', 'Poison Heal', 'Technician']",60.0,130.0,80.0,60.0,60.0,-70.0,460.0,76.6666666666667,24.9443825784929,3.0,Fluctuating,90.0,1.2,39.2,27.2
190.0,Aipom,Normal,,"['Pickup', 'Run Away', 'Skill Link']",55.0,70.0,55.0,40.0,55.0,85.0,360.0,60.0,-87.85475222704919,2.0,Fast,45.0,0.8,11.5,18.0
279.0,Pelipper,Water,Flying,"['Drizzle', 'Keen Eye', 'Rain Dish']",60.0,50.0,100.0,95.0,70.0,65.0,440.0,73.3333333333333,18.1811868577262,3.0,Medium Fast,45.0,1.2,28.0,19.4
544.0,Whirlipede,Bug,Poison,"['Poison Point', 'Speed Boost', 'Swarm']",40.0,55.0,99.0,40.0,79.0,47.0,360.0,60.0,21.8936824982307,5.0,Medium Slow,120.0,1.2,58.5,40.6
178.0,Xatu,Psychic,Flying,"['Early Bird', 'Magic Bounce', 'Synchronize']",65.0,75.0,70.0,95.0,70.0,95.0,470.0,78.3333333333333,12.1335164821342,2.0,Medium Fast,75.0,1.5,15.0,6.7
500.0,Emboar,Fire,Fighting,"['Blaze', 'Reckless']",110.0,123.0,65.0,100.0,65.0,65.0,528.0,88.0,23.9443799947573,5.0,,45.0,1.6,150.0,58.6
20.0,Raticate,Normal,,"['Guts', 'Hustle', 'Run Away']",55.0,81.0,60.0,50.0,70.0,97.0,413.0,68.8333333333333,16.1597923529014,1.0,Medium Fast,127.0,0.7,18.5,37.8
824.0,Blipbug,Bug,,"['Swarm', 'Telepathy']",25.0,20.0,20.0,25.0,45.0,45.0,180.0,374.3718127124183,10.8012344973464,8.0,Medium Fast,255.0,0.4,8.0,50.0
264.0,Linoone,Normal,,"['Gluttony', 'Pickup', 'Quick Feet']",78.0,70.0,61.0,50.0,427.7393121515568,100.0,420.0,70.0,15.9478316185409,3.0,Medium Fast,90.0,0.5,32.5,130.0
497.0,Serperior,Grass,,"['Contrary', 'Overgrow']",75.0,75.0,95.0,75.0,95.0,113.0,528.0,88.0,14.3178210632764,5.0,Medium Slow,45.0,3.3,63.0,5.8
595.0,Joltik,Bug,Electric,"['Swarm', 'Unnerve']",50.0,47.0,50.0,57.0,50.0,65.0,319.0,53.1666666666667,6.09416843292741,5.0,Medium Fast,190.0,0.1,0.6,60.0
802.0,Marshadow,Fighting,Ghost,['Technician'],90.0,125.0,80.0,90.0,90.0,125.0,600.0,100.0,18.0277563773199,7.0,Slow,3.0,0.7,22.2,45.3
854.0,Sinistea,Ghost,,"['Cursed Body', 'Weak Armor']",40.0,45.0,45.0,74.0,54.0,50.0,308.0,51.3333333333333,11.0403301077861,8.0,Medium Fast,120.0,0.1,0.2,20.0
321.0,Wailord,Water,,"['Oblivious', 'Pressure', 'Water Veil']",170.0,90.0,45.0,90.0,45.0,60.0,500.0,83.3333333333333,42.9793231940921,3.0,Fluctuating,60.0,14.5,398.0,1.9
341.0,Corphish,Water,,"['Adaptability', 'Hyper Cutter', 'Shell Armor']",43.0,80.0,65.0,50.0,35.0,35.0,308.0,51.3333333333333,16.3978318349985,3.0,Fluctuating,205.0,0.6,11.5,31.9
837.0,Rolycoly,Rock,,"['Flash Fire', 'Heatproof', 'Steam Engine']",30.0,40.0,50.0,40.0,50.0,30.0,240.0,40.0,8.16496580927726,8.0,Medium Slow,255.0,0.3,12.0,133.3
633.0,Deino,Dark,Dragon,['Hustle'],52.0,65.0,50.0,45.0,50.0,38.0,300.0,50.0,8.14452781524708,5.0,Slow,45.0,0.8,17.3,27.0
160.0,Feraligatr,Water,,"['Sheer Force', 'Torrent']",85.0,105.0,100.0,79.0,83.0,78.0,530.0,88.3333333333333,-89.17917897045007,2.0,Medium Slow,45.0,2.3,88.8,16.8
60.0,Poliwag,Water,,"['Damp', 'Swift Swim', 'Water Absorb']",40.0,50.0,40.0,40.0,40.0,90.0,300.0,50.0,18.2574185835055,1.0,Medium Slow,255.0,0.6,12.4,34.4
514.0,Simisear,Fire,,"['Blaze', 'Gluttony']",75.0,98.0,63.0,98.0,63.0,101.0,498.0,83.0,16.5227116418583,5.0,Medium Fast,75.0,1.0,28.0,28.0
609.0,Chandelure,Ghost,Fire,"['Flame Body', 'Flash Fire', 'Infiltrator']",60.0,55.0,90.0,145.0,90.0,80.0,520.0,86.6666666666667,29.3919868142473,5.0,Medium Slow,45.0,1.0,34.3,34.3
733.0,Toucannon,Normal,Flying,"['Keen Eye', 'Sheer Force', 'Skill Link']",80.0,-120.0,75.0,75.0,75.0,60.0,485.0,80.8333333333333,18.5779140080066,7.0,Medium Fast,45.0,1.1,26.0,21.5
549.0,Lilligant,Grass,,"['Chlorophyll', 'Leaf Guard', 'Own Tempo']",70.0,60.0,75.0,110.0,75.0,90.0,480.0,80.0,16.0727512683216,5.0,Medium Fast,75.0,1.1,16.3,13.5
203.0,Girafarig,Normal,Psychic,"['Early Bird', 'Inner Focus', 'Sap Sipper']",70.0,80.0,65.0,90.0,65.0,85.0,455.0,75.8333333333333,9.75391659226635,2.0,Medium Fast,60.0,1.5,41.5,18.4
80.0,Slowbro,Water,Psychic,"['Oblivious', 'Own Tempo', 'Regenerator']",95.0,75.0,110.0,100.0,80.0,30.0,490.0,81.6666666666667,25.9272486435067,1.0,Medium Fast,75.0,1.6,78.5,30.7
615.0,Cryogonal,Ice,,['Levitate'],80.0,50.0,50.0,95.0,135.0,105.0,515.0,85.8333333333333,30.1961182199891,5.0,Medium Fast,25.0,1.1,148.0,122.3
684.0,Swirlix,Fairy,,"['Sweet Veil', 'Unburden']",62.0,48.0,66.0,59.0,57.0,49.0,341.0,56.8333333333333,6.51707159867238,6.0,Medium Fast,200.0,0.4,3.5,21.9
256.0,Combusken,Fire,Fighting,"['Blaze', 'Speed Boost']",60.0,85.0,60.0,85.0,60.0,55.0,405.0,67.5,12.5,3.0,Medium Slow,45.0,0.9,19.5,24.1
747.0,Mareanie,Poison,Water,"['Limber', 'Merciless', 'Regenerator']",50.0,53.0,62.0,43.0,52.0,45.0,305.0,50.8333333333333,6.14862224856557,7.0,Medium Fast,190.0,0.4,8.0,50.0
602.0,Tynamo,Electric,,['Levitate'],35.0,55.0,40.0,45.0,40.0,60.0,275.0,45.8333333333333,8.85845484394554,5.0,Slow,190.0,0.2,0.3,7.5
522.0,Blitzle,Electric,,"['Lightning Rod', 'Motor Drive', 'Sap Sipper']",45.0,60.0,32.0,50.0,32.0,76.0,295.0,49.1666666666667,15.5179107986725,5.0,Medium Fast,190.0,0.8,29.8,46.6
711.0,Super Size Gourgeist,Ghost,Grass,"['Frisk', 'Insomnia', 'Pickup']",85.0,100.0,122.0,58.0,75.0,54.0,494.0,82.3333333333333,23.5984933605705,6.0,Medium Fast,60.0,1.7,39.0,13.5
94.0,Gengar,Ghost,Poison,['Cursed Body'],60.0,65.0,60.0,-352.7235077641912,75.0,110.0,500.0,83.3333333333333,27.0287912337114,1.0,Medium Slow,45.0,1.5,40.5,18.0
708.0,Phantump,Ghost,Grass,"['Frisk', 'Harvest', 'Natural Cure']",43.0,70.0,48.0,50.0,60.0,38.0,309.0,51.5,10.6731750977236,6.0,Medium Fast,120.0,0.4,7.0,43.8
488.0,Cresselia,Psychic,,['Levitate'],120.0,70.0,120.0,75.0,130.0,85.0,600.0,100.0,23.9791576165636,4.0,Slow,3.0,1.5,85.6,38.0
694.0,Helioptile,Electric,Normal,"['Dry Skin', 'Sand Veil', 'Solar Power']",44.0,38.0,33.0,61.0,43.0,70.0,289.0,48.1666666666667,13.0309460729279,6.0,Medium Fast,190.0,0.5,6.0,24.0
32.0,Nidoran♂,Poison,,"['Hustle', 'Poison Point', 'Rivalry']",46.0,57.0,40.0,40.0,40.0,50.0,273.0,45.5,6.37050495120546,1.0,Medium Slow,235.0,0.5,9.0,36.0
298.0,Azurill,Normal,Fairy,"['Huge Power', 'Sap Sipper', 'Thick Fat']",50.0,20.0,40.0,20.0,40.0,20.0,190.0,31.6666666666667,12.1335164821342,3.0,Fast,150.0,0.2,2.0,50.0
461.0,Weavile,Dark,Ice,"['Pickpocket', 'Pressure']",70.0,120.0,65.0,45.0,85.0,125.0,510.0,85.0,29.011491975882,4.0,Medium Slow,45.0,-7.973812583895402,34.0,28.1
370.0,Luvdisc,Water,,"['Hydration', 'Swift Swim']",43.0,30.0,55.0,40.0,65.0,97.0,330.0,55.0,21.8250620464945,3.0,Fast,225.0,0.6,8.7,24.2
579.0,Reuniclus,Psychic,,"['Magic Guard', 'Overcoat', 'Regenerator']",110.0,65.0,75.0,125.0,85.0,30.0,490.0,81.6666666666667,30.7769755210323,5.0,Medium Slow,50.0,1.0,20.1,20.1
317.0,Swalot,Poison,,"['Gluttony', 'Liquid Ooze', 'Sticky Hold']",100.0,73.0,83.0,73.0,83.0,55.0,467.0,77.8333333333333,13.6188186793944,3.0,Fluctuating,75.0,1.7,80.0,27.7
53.0,Alolan Persian,Dark,,"['Fur Coat', 'Rattled', 'Technician']",65.0,60.0,60.0,75.0,65.0,115.0,440.0,73.3333333333333,19.2930615046504,7.0,Medium Fast,90.0,1.1,33.0,254.71471237680214
437.0,Bronzong,Steel,Psychic,"['Heatproof', 'Heavy Metal', 'Levitate']",67.0,89.0,116.0,79.0,116.0,33.0,500.0,83.3333333333333,28.8251433455046,4.0,Medium Fast,90.0,1.3,187.0,110.7
565.0,Carracosta,Water,Rock,"['Solid Rock', 'Sturdy', 'Swift Swim']",74.0,108.0,133.0,83.0,65.0,32.0,495.0,82.5,31.9622172781134,5.0,Medium Fast,45.0,1.2,81.0,56.3
292.0,Shedinja,Bug,Ghost,['Wonder Guard'],1.0,90.0,45.0,30.0,30.0,40.0,236.0,39.3333333333333,26.5936500357176,3.0,Erratic,45.0,0.8,1.2,1.9
9.0,Mega Blastoise,Water,,['Mega Launcher'],79.0,103.0,120.0,135.0,115.0,78.0,630.0,105.0,20.952326839757,6.0,Medium Slow,45.0,1.6,101.1,39.5
746.0,Wishiwashi School,Water,,['Schooling'],45.0,140.0,130.0,140.0,135.0,30.0,620.0,103.333333333333,46.8745370347508,7.0,Fast,60.0,8.2,78.6,1.2
362.0,Mega Glalie,Ice,,['Refrigerate'],80.0,120.0,80.0,120.0,80.0,100.0,580.0,96.6666666666667,17.950549357115,6.0,Medium Fast,75.0,2.1,350.2,79.4
725.0,Litten,Fire,,"['Blaze', 'Intimidate']",45.0,65.0,40.0,60.0,40.0,70.0,320.0,53.3333333333333,12.1335164821342,7.0,Medium Slow,45.0,0.4,4.3,26.9
421.0,Cherrim,,,['Flower Gift'],70.0,60.0,70.0,87.0,78.0,85.0,450.0,75.0,9.38083151964686,4.0,Medium Fast,75.0,0.5,9.3,37.2
82.0,Magneton,Electric,Steel,"['Analytic', 'Magnet Pull', 'Sturdy']",50.0,60.0,95.0,120.0,70.0,70.0,465.0,77.5,-84.56880901720895,1.0,Medium Fast,60.0,1.0,60.0,60.0
374.0,Beldum,Steel,Psychic,"['Clear Body', 'Light Metal']",40.0,55.0,80.0,35.0,60.0,30.0,300.0,50.0,17.0782512765993,3.0,Slow,3.0,0.6,95.2,264.4
309.0,Electrike,Electric,,"['Lightning Rod', 'Minus', 'Static']",40.0,45.0,40.0,65.0,40.0,65.0,295.0,49.1666666666667,11.3345587572795,3.0,Slow,120.0,0.6,15.2,42.2
555.0,Darmanitan Zen-Mode,Fire,Psychic,['Zen Mode'],105.0,30.0,105.0,140.0,105.0,55.0,540.0,90.0,36.5148371670111,5.0,Medium Slow,60.0,1.3,92.9,55.0
788.0,Tapu Fini,Water,Fairy,"['Misty Surge', 'Telepathy']",70.0,75.0,115.0,95.0,130.0,85.0,570.0,95.0,21.4087209644419,-7.0,Slow,3.0,1.3,21.2,12.5
731.0,Pikipek,Normal,Flying,"['Keen Eye', 'Pickup', 'Skill Link']",35.0,75.0,30.0,30.0,30.0,65.0,-265.0,44.1666666666667,18.5779140080066,7.0,Medium Fast,255.0,0.3,1.2,13.3
392.0,Infernape,Fire,Fighting,"['Blaze', 'Iron Fist']",76.0,104.0,71.0,104.0,71.0,108.0,534.0,89.0,16.4721988008078,4.0,Medium Slow,45.0,1.2,55.0,38.2
625.0,Bisharp,Dark,Steel,"['Defiant', 'Inner Focus', 'Pressure']",65.0,125.0,100.0,60.0,70.0,70.0,490.0,81.6666666666667,23.2139804619735,5.0,Medium Fast,45.0,1.6,70.0,27.3
122.0,Mr. Mime,Psychic,Fairy,"['Filter', 'Soundproof', 'Technician']",40.0,45.0,65.0,-503.3429465532855,120.0,90.0,460.0,76.6666666666667,29.1070819942883,1.0,Medium Fast,45.0,1.3,54.5,32.2
4543.078505136109,Metagross,Steel,Psychic,"['Clear Body', 'Light Metal']",80.0,135.0,130.0,95.0,90.0,70.0,600.0,100.0,24.3241991988774,3.0,Slow,3.0,1.6,550.0,214.8
142.0,Mega Aerodactyl,Rock,Flying,['Tough Claws'],80.0,135.0,85.0,70.0,95.0,150.0,615.0,102.5,29.5451631687264,6.0,Slow,45.0,-2.1,79.0,17.9
647.0,Keldeo,Water,Fighting,['Justified'],91.0,72.0,90.0,129.0,90.0,108.0,580.0,96.6666666666667,17.8107333431901,5.0,Slow,3.0,1.4,48.5,24.7
451.0,Skorupi,Poison,Bug,"['Battle Armor', 'Keen Eye', 'Sniper']",40.0,50.0,90.0,30.0,55.0,65.0,330.0,55.0,19.1485421551268,4.0,Slow,120.0,0.8,12.0,18.8
568.0,Trubbish,Poison,,"['Aftermath', 'Stench', 'Sticky Hold']",50.0,50.0,62.0,40.0,62.0,65.0,329.0,54.8333333333333,8.87724932372385,5.0,Medium Fast,190.0,0.6,31.0,86.1
227.0,Skarmory,Steel,Flying,"['Keen Eye', 'Sturdy', 'Weak Armor']",65.0,80.0,140.0,40.0,70.0,70.0,465.0,77.5,30.5163890393343,2.0,Slow,25.0,1.7,50.5,17.5
537.0,Seismitoad,Water,Ground,"['Poison Touch', 'Swift Swim', 'Water Absorb']",105.0,95.0,75.0,85.0,75.0,74.0,509.0,84.8333333333333,11.6963907063485,5.0,Medium Slow,45.0,1.5,62.0,27.6
714.0,Noibat,Flying,Dragon,"['Frisk', 'Infiltrator', 'Telepathy']",40.0,30.0,35.0,45.0,40.0,55.0,245.0,40.8333333333333,7.8616509433805,6.0,Medium Fast,190.0,0.5,8.0,32.0
814.0,Raboot,Fire,,"['Blaze', 'Libero']",65.0,86.0,60.0,55.0,60.0,94.0,420.0,70.0,14.6173412995205,8.0,Medium Slow,45.0,0.6,9.0,25.0
467.0,Magmortar,Fire,,"['Flame Body', 'Vital Spirit']",75.0,95.0,67.0,125.0,95.0,83.0,540.0,90.0,18.6100331362771,4.0,Medium Fast,30.0,1.6,68.0,26.6
686.0,Inkay,Dark,Psychic,"['Contrary', 'Infiltrator', 'Suction Cups']",53.0,54.0,53.0,37.0,46.0,45.0,288.0,48.0,6.05530070819498,6.0,Medium Fast,190.0,0.4,3.5,21.9
415.0,Combee,Bug,Flying,"['Honey Gather', 'Hustle']",30.0,30.0,42.0,30.0,42.0,70.0,244.0,40.6666666666667,14.1735277503129,4.0,Medium Slow,120.0,0.3,5.5,61.1
398.0,Staraptor,Normal,Flying,"['Intimidate', 'Reckless']",85.0,120.0,,50.0,60.0,100.0,485.0,80.8333333333333,23.8775813031573,4.0,Medium Slow,45.0,1.2,24.9,17.3
898.0,Calyrex Shadow Rider,Psychic,Ghost,['As One'],100.0,85.0,80.0,165.0,100.0,150.0,680.0,113.333333333333,32.3608130649127,8.0,Slow,3.0,2.4,53.6,9.3
728.0,Popplio,Water,,"['Liquid Voice', 'Torrent']",50.0,54.0,54.0,66.0,56.0,40.0,320.0,53.3333333333333,7.71722460186015,7.0,Medium Slow,45.0,0.4,7.5,46.9
646.0,Kyurem,Dragon,Ice,['Pressure'],125.0,130.0,90.0,130.0,90.0,95.0,660.0,110.0,18.4842275106824,5.0,Slow,3.0,3.0,325.0,36.1
880.0,Dracozolt,Electric,Dragon,"['Hustle', 'Sand Rush', 'Volt Absorb']",90.0,100.0,90.0,80.0,70.0,75.0,505.0,84.1666666666667,10.1721296797781,8.0,Slow,45.0,1.8,190.0,58.6
225.0,Delibird,Ice,Flying,"['Hustle', 'Insomnia', 'Vital Spirit']",45.0,55.0,45.0,65.0,45.0,75.0,330.0,55.0,11.5470053837925,2.0,Fast,45.0,0.9,16.0,19.8
274.0,Nuzleaf,Grass,Dark,"['Chlorophyll', 'Early Bird', 'Pickpocket']",70.0,70.0,40.0,60.0,40.0,60.0,340.0,56.6666666666667,12.4721912892465,3.0,Medium Slow,120.0,1.0,28.0,28.0
749.0,Mudbray,Ground,,"['Inner Focus', 'Own Tempo', 'Stamina']",70.0,100.0,70.0,45.0,55.0,45.0,385.0,64.1666666666667,19.0211870175222,7.0,Medium Fast,190.0,1.0,110.0,110.0
206.0,Dunsparce,Normal,,"['Rattled', 'Run Away', 'Serene Grace']",100.0,70.0,70.0,65.0,65.0,45.0,415.0,69.1666666666667,16.1804065324563,2.0,Medium Fast,190.0,1.5,14.0,6.2
878.0,Cufant,Steel,,"['Heavy Metal', 'Sheer Force']",72.0,80.0,49.0,40.0,49.0,40.0,330.0,55.0,15.4704018478297,8.0,Medium Fast,190.0,1.2,100.0,69.4
70.0,Weepinbell,Grass,Poison,"['Chlorophyll', 'Gluttony']",65.0,90.0,50.0,85.0,45.0,55.0,390.0,65.0,17.0782512765993,1.0,Medium Slow,120.0,,6.4,6.4
235.0,Smeargle,Normal,,"['Moody', 'Own Tempo', 'Technician']",,20.0,35.0,20.0,45.0,75.0,250.0,41.6666666666667,19.5078331845327,2.0,Fast,45.0,1.2,58.0,40.3
778.0,Mimikyu,Ghost,Fairy,['Disguise'],55.0,90.0,80.0,50.0,105.0,96.0,476.0,79.3333333333333,20.4260182664714,7.0,Medium Fast,45.0,0.2,0.7,17.5
386.0,Deoxys Normal Form,Psychic,,['Pressure'],50.0,150.0,50.0,150.0,50.0,150.0,600.0,100.0,50.0,3.0,Slow,3.0,1.7,60.8,21.0
204.0,Pineco,Bug,,"['Overcoat', 'Sturdy']",50.0,65.0,90.0,35.0,35.0,15.0,290.0,48.3333333333333,24.0947204913349,2.0,Medium Fast,190.0,0.6,7.2,20.0
662.0,Fletchinder,Fire,Flying,"['Flame Body', 'Gale Wings']",62.0,73.0,55.0,56.0,52.0,-84.0,382.0,63.6666666666667,11.3529242439509,6.0,Medium Slow,120.0,0.7,16.0,32.7
397.0,Staravia,Normal,Flying,"['Intimidate', 'Reckless']",55.0,75.0,50.0,-40.0,40.0,80.0,340.0,56.6666666666667,15.723301886761,4.0,Medium Slow,120.0,0.6,15.5,43.1
492.0,Shaymin,Grass,,['Natural Cure'],100.0,100.0,100.0,100.0,100.0,100.0,600.0,100.0,0.0,4.0,Medium Slow,45.0,0.2,2.1,52.5
531.0,Mega Audino,Normal,Fairy,['Healer'],103.0,60.0,126.0,80.0,126.0,50.0,545.0,90.8333333333333,29.8798520002284,6.0,Fast,255.0,1.5,32.0,14.2
586.0,Sawsbuck,Normal,Grass,"['Chlorophyll', 'Sap Sipper', 'Serene Grace']",80.0,100.0,70.0,60.0,70.0,95.0,475.0,79.1666666666667,14.2643689738531,5.0,Medium Fast,75.0,1.9,92.5,25.6
324.0,Torkoal,Fire,,"['Drought', 'Shell Armor', 'White Smoke']",70.0,85.0,140.0,85.0,70.0,20.0,470.0,78.3333333333333,35.1978534699048,3.0,Medium Fast,90.0,0.5,80.4,321.6
287.0,Slakoth,Normal,,['Truant'],60.0,60.0,60.0,35.0,35.0,30.0,280.0,46.6666666666667,13.4370962471643,3.0,Slow,255.0,0.8,24.0,37.5
22.0,Fearow,Normal,Flying,"['Keen Eye', 'Sniper']",65.0,90.0,65.0,61.0,61.0,100.0,442.0,73.6666666666667,15.4452437842708,1.0,Medium Fast,90.0,1.2,38.0,26.4
426.0,Drifblim,Ghost,Flying,"['Aftermath', 'Flare Boost', 'Unburden']",150.0,80.0,44.0,90.0,54.0,80.0,498.0,83.0,33.9558536926993,4.0,Fluctuating,60.0,1.2,15.0,10.4
748.0,Toxapex,Poison,Water,"['Limber', 'Merciless', 'Regenerator']",50.0,63.0,152.0,53.0,142.0,35.0,495.0,82.5,46.4282600722161,7.0,Medium Fast,75.0,0.7,14.5,29.6
276.0,Taillow,Normal,Flying,"['Guts', 'Scrappy']",40.0,55.0,30.0,30.0,30.0,85.0,270.0,45.0,20.0,3.0,Medium Slow,200.0,0.3,2.3,25.6
146.0,Moltres,Fire,Flying,"['Flame Body', 'Pressure']",90.0,100.0,90.0,125.0,85.0,90.0,580.0,96.6666666666667,13.4370962471642,1.0,Slow,3.0,2.0,60.0,15.0
